"band","year","site_nest","ts_ratio1","ts_ratio2","ts_ratio3","ts_ratio4","Age","Mass","Flat_Wing","Bleed1_CORT_corrected_value","Bleed1_Glucose","Bleed2_CORT_corrected_value","Bleed2_Glucose","Bleed3_CORT_corrected_value","Bleed3_Glucose","experiment","color","fbbright","predator","dull","gen_dad","full_treatment","soc_mom","gen_mom","raised_nest","sex","d12_base","d12_stress","d12_dex","d15_acth","Current_Brood_Size","maxbrood","Nestling_Fate"
272107823,2018,"Unit_2_124_2018",0.242774607361979,0.247104787226853,1858.47866546881,1.00026358254459,"12",18.8,40,0.47,NA,NA,NA,3.37,NA,"color_challenge","Dull",58.4,"Control","Dull",NA,"Dull_Control",272108041,"272107739","cross","F",0.5,7.1,3.4,15.4,2,6,"Fledged"
272107824,2018,"Unit_2_124_2018",0.317482353386602,0.320060981167763,1402.86659902475,1.00016054150409,"12",18.8,40,0.47,NA,NA,NA,1.88,NA,"color_challenge","Dull",58.4,"Control","Dull",NA,"Dull_Control",272108041,"272108041","home","M",0.5,4.4,1.9,32.2,2,6,"Fledged"
272106890,2018,"Unit_2_22_2018",0.183304347324425,0.181025344157455,810.972007712196,1.00020338273381,"12",17.8,47.5,0.91,NA,11.15,NA,2.72,NA,"color_challenge","Control",57.7,"Control","Control",263113739,"Control_Control",272106635,"272106635","home","F",0.9,11.1,2.7,30.7,5,5,"Fledged"
272106891,2018,"Unit_2_22_2018",0.221267908993697,0.213046053449077,978.970545672732,1.00019332162278,"12",20.2,47.5,1.73,NA,33.34,NA,3.82,NA,"color_challenge","Control",57.7,"Control","Control",272106916,"Control_Control",272106635,"272106733","cross","M",1.7,33.3,3.8,36.7,5,5,"Fledged"
272106893,2018,"Unit_2_22_2018",0.288379864076378,0.29307797669304,1278.47493974795,1.00024315494958,"12",20.2,51,1.32,NA,33.01,NA,4.35,NA,"color_challenge","Control",57.7,"Control","Control",272106916,"Control_Control",272106635,"272106733","cross","M",1.3,33,4.4,19,5,5,"Fledged"
272106894,2018,"Unit_2_22_2018",0.211927584001629,0.210395522402007,930.856299896426,1.00027507091335,"12",15.2,45.5,0.94,NA,17.14,NA,2.14,NA,"color_challenge","Control",57.7,"Control","Control",263113739,"Control_Control",272106635,"272106635","home","F",0.9,17.1,2.1,29.7,5,5,"Fledged"
272106895,2018,"Unit_2_22_2018",0.270180041945992,0.265026699164623,1200.43946383838,1.00025636261622,"12",20.3,49,1.44,NA,13.22,NA,5.6,NA,"color_challenge","Control",57.7,"Control","Control",NA,"Control_Control",272106635,"272106635","home","F",1.4,13.2,5.6,28.2,5,5,"Fledged"
272106825,2018,"Unit_2_109_2018",0.226363517986662,0.2205928151762,1002.21013871938,1.00020823552726,"12",20,39,3.09,NA,18.08,NA,0.97,NA,"color_challenge","Control",NA,"Predation","Control",263114244,"Control_Predator",272107739,"272107016","cross","F",3.1,18.1,1,19.9,2,5,"Fledged"
272106826,2018,"Unit_2_109_2018",0.328878106020571,0.322421464000492,1446.15701192656,1.00024752764403,"12",18.6,31,0.76,NA,55.28,NA,4.7,NA,"color_challenge","Control",NA,"Predation","Control",263114244,"Control_Predator",272107739,"272107016","cross","M",0.8,55.3,4.7,23.8,2,5,"Fledged"
272107430,2018,"Unit_2_95_2018",0.387045846441524,0.387992867581926,1850.64045496724,1.0003395027718,"12",13,38,8.49,NA,NA,NA,20.47,NA,"color_challenge","Dull",53.3,"Control","Dull",NA,"Dull_Control",272107161,"272106903","cross","M",8.5,31,20.5,NA,5,5,"Died"
272107432,2018,"Unit_2_95_2018",0.3319003667527,0.323979459465436,1467.32756924389,1.00019654347165,"12",18.5,48.5,0.47,NA,NA,NA,6.77,NA,"color_challenge","Dull",53.3,"Control","Dull",272107503,"Dull_Control",272107161,"272107161","home","F",0.5,13.1,6.8,43.4,5,5,"Fledged"
272107431,2018,"Unit_2_95_2018",NA,NA,NA,NA,"12",13,35.5,3.78,NA,NA,NA,5.41,NA,"color_challenge","Dull",53.3,"Control","Dull",272107690,"Dull_Control",272107161,"272106903","cross","F",3.8,18.6,5.4,NA,5,5,"Died"
272107428,2018,"Unit_2_95_2018",0.36257877144344,0.360662510862095,1597.44421924994,1.00017117452696,"12",9.8,38,0.47,NA,NA,NA,NA,NA,"color_challenge","Dull",53.3,"Control","Dull",263114244,"Dull_Control",272107161,"272106903","cross","F",0.5,22.9,NA,NA,5,5,"Died"
272107429,2018,"Unit_2_95_2018",0.319443464135667,0.313087421955579,1407.97404543748,1.00025110229395,"12",17,48,0.47,NA,NA,NA,0.89,NA,"color_challenge","Dull",53.3,"Control","Dull",272107503,"Dull_Control",272107161,"272107161","home","F",0.5,32,0.9,33.5,5,5,"Fledged"
272107440,2018,"Unit_2_80_2018",0.299800578283302,0.277793895074496,1327.62984755136,1.00024171726173,"12",19.4,40,54.06,NA,NA,NA,3.01,NA,"color_challenge","Dull",49.3,"Predation","Dull",272107256,"Dull_Predator",272106904,"272106904","home","M",54.1,13.6,3,40.5,4,5,"Died"
272107442,2018,"Unit_2_80_2018",0.277902995987733,0.276895351904223,2129.44493956867,1.00029034660255,"12",18.3,35,11.04,NA,NA,NA,5.04,NA,"color_challenge","Dull",49.3,"Predation","Dull",272106915,"Dull_Predator",272106904,"272106907","cross","F",11,32,5,26.6,4,5,"Died"
272107443,2018,"Unit_2_80_2018",0.244092727173587,0.238315435924308,1080.17622566468,1.00023502501343,"12",17.8,36,8.55,NA,NA,NA,4.45,NA,"color_challenge","Dull",49.3,"Predation","Dull",272106915,"Dull_Predator",272106904,"272106907","cross","M",8.5,31,4.5,23.9,4,5,"Fledged"
272107444,2018,"Unit_2_80_2018",0.363009659624309,0.369211575890836,1601.65024319298,1.00021628827583,"12",10,18,2.05,NA,NA,NA,4.65,NA,"color_challenge","Dull",49.3,"Predation","Dull",263114244,"Dull_Predator",272106904,"272106904","home","F",2.1,29.2,4.6,NA,4,5,"Died"
272107448,2018,"Unit_2_86_2018",0.141684503891942,0.145073076874487,1088.79938397259,1.00043462834148,"12",21.5,57.5,2.51,NA,NA,NA,10.42,NA,"color_challenge","Control",68,"Predation","Control",272107256,"Control_Predator",272106907,"272106904","cross","M",2.5,18.8,10.4,19.7,5,5,NA
272107449,2018,"Unit_2_86_2018",0.212144862397122,0.20890755659857,936.332149817459,1.00012690154627,"12",22.4,25.7,3.44,NA,NA,NA,4.54,NA,"color_challenge","Control",68,"Predation","Control",263114341,"Control_Predator",272106907,"272106907","home","F",3.4,30.1,4.5,17,5,5,NA
272107445,2018,"Unit_2_86_2018",0.203753498754644,0.211283872364975,898.828711039199,1.00021213578569,"12",24.6,58,2.42,NA,NA,NA,7.98,NA,"color_challenge","Control",68,"Predation","Control",263114341,"Control_Predator",272106907,"272106907","home","M",2.4,9.4,8,12.7,5,5,NA
272107446,2018,"Unit_2_86_2018",0.139773922244839,0.144393622256343,615.551691008931,1.00027081203894,"12",24.8,59,2.39,NA,NA,NA,NA,NA,"color_challenge","Control",68,"Predation","Control",263114341,"Control_Predator",272106907,"272106907","home","M",2.4,20.2,NA,10.7,5,5,NA
272107447,2018,"Unit_2_86_2018",0.295491167094683,0.294086880290187,1300.31581831024,1.00017738058472,"12",21.1,49,0.64,NA,NA,NA,8.01,NA,"color_challenge","Control",68,"Predation","Control",263114341,"Control_Predator",272106907,"272106907","home","M",0.6,2.3,8,28.4,5,5,NA
272106846,2018,"Unit_2_38_2018",0.474532898541894,0.457711937509855,2099.92975348904,1.00010059485729,"12",24.5,57,4.1,NA,20.13,NA,3.5,NA,"color_challenge","Control",39.9,"Control","Control",263114341,"Control_Control",272107806,"272107806","home","M",4.1,20.1,3.5,33,5,5,"Fledged"
272106847,2018,"Unit_2_38_2018",0.27713232995718,0.283738789111946,1223.8548083947,1.00014600792544,"12",22.25,54,0,NA,5.36,NA,3.52,NA,"color_challenge","Control",39.9,"Control","Control",NA,"Control_Control",272107806,"272106906","cross","M",NA,5.4,3.5,35.8,5,5,"Fledged"
272106848,2018,"Unit_2_38_2018",0.314146280539302,0.309350979473081,870.601116855744,1.00022715619762,"12",23.5,53,5.58,NA,17.94,NA,5.8,NA,"color_challenge","Control",39.9,"Control","Control",272107789,"Control_Control",272107806,"272107806","home","F",5.6,17.9,5.8,20.9,5,5,"Fledged"
272106849,2018,"Unit_2_38_2018",0.260259361780797,0.262064257379945,1147.70534911373,1.00016555989019,"12",22.75,54,4.6,NA,11.48,NA,3.84,NA,"color_challenge","Control",39.9,"Control","Control",NA,"Control_Control",272107806,"272106906","cross","M",4.6,11.5,3.8,28.2,5,5,"Fledged"
272106850,2018,"Unit_2_38_2018",0.30209442802623,0.302068658853332,1330.91099601755,1.00012703834089,"12",22,48,3.3,NA,13.37,NA,4.64,NA,"color_challenge","Control",39.9,"Control","Control",272107789,"Control_Control",272107806,"272107806","home","M",3.3,13.4,4.6,77.3,5,5,"Fledged"
272106832,2018,"Unit_2_8_2018",0.423801739389268,0.42335046903581,1869.06438713954,1.00016865482927,"12",20.5,48,1.01,NA,4.62,NA,4.97,NA,"color_challenge","Dull",55.7,"Control","Dull",272107816,"Dull_Control",272106902,"272107748","cross","F",1,4.6,5,NA,4,5,"Fledged"
272106833,2018,"Unit_2_8_2018",0.337308174905425,0.32889224354332,1495.54783034779,1.00018347799021,"12",24.25,51,2.1,NA,11.82,NA,6.72,NA,"color_challenge","Dull",55.7,"Control","Dull",272107816,"Dull_Control",272106902,"272107748","cross","M",2.1,11.8,6.7,21.1,4,5,"Fledged"
272106834,2018,"Unit_2_8_2018",0.300051257433264,0.299128864875204,1326.7918076866,1.00019365211178,"12",21,48,3.22,NA,12.79,NA,10.03,NA,"color_challenge","Dull",55.7,"Control","Dull",272107816,"Dull_Control",272106902,"272107748","cross","F",3.2,12.8,10,30.1,4,5,"Fledged"
272106835,2018,"Unit_2_8_2018",0.260851732896012,0.248029826023267,1256.18474753532,1.00049341704282,"12",22.25,48,1.01,NA,12.67,NA,4.89,NA,"color_challenge","Dull",55.7,"Control","Dull",272107789,"Dull_Control",272106902,"272106902","home","M",1,12.7,4.9,14.2,4,5,"Fledged"
272106836,2018,"Unit_2_12_2018",0.317250704212924,0.317953795393165,1404.27922840013,1.00016657754443,"12",19,48,0.47,NA,2.92,NA,2.66,NA,"color_challenge","Control",58.6,"Control","Control",272107816,"Control_Control",272107748,"272107748","home","M",0.5,2.9,2.7,24.9,6,6,"Fledged"
272106838,2018,"Unit_2_12_2018",0.211021939261557,0.215705556587293,936.127796220511,1.00017524585654,"12",23.5,67,1.03,NA,3.61,NA,8.82,NA,"color_challenge","Control",58.6,"Control","Control",272107789,"Control_Control",272107748,"272106902","cross","M",1,3.6,8.8,45.3,6,6,"Fledged"
272106839,2018,"Unit_2_12_2018",0.3658836640661,0.36559327554782,1616.77992183157,1.00015869475293,"12",21,55,4.76,NA,1.66,NA,1.57,NA,"color_challenge","Control",58.6,"Control","Control",272107816,"Control_Control",272107748,"272107748","home","M",4.8,1.7,1.6,34.9,6,6,"Fledged"
272106840,2018,"Unit_2_12_2018",0.322291233914136,0.314857012196265,1423.55969478998,1.00026085386758,"12",22.5,54,3.93,NA,14.97,NA,11.4,NA,"color_challenge","Control",58.6,"Control","Control",263113739,"Control_Control",272107748,"272106902","cross","M",3.9,15,11.4,35.4,6,6,"Fledged"
272106841,2018,"Unit_2_12_2018",0.314535412534229,0.329884695681921,1392.40348717043,1.00024690609598,"12",19.25,54,6.21,NA,2.59,NA,2.84,NA,"color_challenge","Control",58.6,"Control","Control",272107816,"Control_Control",272107748,"272107748","home","M",6.2,2.6,2.8,46.8,6,6,"Fledged"
272106842,2018,"Unit_2_12_2018",0.235645721466495,0.223929155695202,1043.71313109607,1.00023524602239,"12",20.5,57,2.73,NA,4.85,NA,3.06,NA,"color_challenge","Control",58.6,"Control","Control",272107816,"Control_Control",272107748,"272106902","cross","F",2.7,4.9,3.1,19.9,6,6,"Fledged"
156181129,2018,"Unit_2_14_2018",0.25035168399996,0.249083347398384,1105.52056250779,1.00021999291995,"12",21.5,39,1.24,NA,25.3,NA,7.85,NA,"color_challenge","Dull",54.2,"Predation","Dull",272107800,"Dull_Predator",272106905,"272106817","cross","M",NA,NA,NA,20.8,3,3,"Fledged"
156181130,2018,"Unit_2_14_2018",0.0737030005980029,0.0680537046087787,205.088297418544,1.00028659267728,"12",21.75,43,2.82,NA,36.32,NA,15.02,NA,"color_challenge","Dull",54.2,"Predation","Dull",272107762,"Dull_Predator",272106905,"272106905","home","M",2.8,36.3,15,44.9,3,3,"Died"
156181131,2018,"Unit_2_14_2018",0.387904463324256,0.390431566282645,1714.52531119114,1.000088586767,"12",20,43,1.55,NA,12.49,NA,10.76,NA,"color_challenge","Dull",54.2,"Predation","Dull",272107762,"Dull_Predator",272106905,"272106905","home","F",1.6,12.5,10.8,41.7,3,3,"Fledged"
272106843,2018,"Unit_2_34_2018",0.223394303773406,0.223548786081052,986.254250353848,1.00014658657066,"12",20.5,44,1.23,NA,2.3,NA,2.74,NA,"color_challenge","Dull",41.5,"Control","Dull",272107257,"Dull_Control",272107805,"272107805","home","F",1.2,2.3,2.7,39,4,4,"Fledged"
272106845,2018,"Unit_2_34_2018",0.341160009936991,0.346098732186158,1510.73095822134,1.00009774659605,"12",15.25,33,1.2,NA,3.67,NA,4.13,NA,"color_challenge","Dull",41.5,"Control","Dull",NA,"Dull_Control",272107805,"272107804","cross","F",1.2,3.7,4.1,32,4,4,"Fledged"
272106837,2018,"Unit_2_34_2018",0.500469952894891,0.497974628147062,2209.6588818861,1.00008266441799,"12",18,42,6.29,NA,3.05,NA,3.29,NA,"color_challenge","Dull",41.5,"Control","Dull",NA,"Dull_Control",272107805,"272107804","cross","M",6.3,3,3.3,49.5,4,4,"Fledged"
272107266,2018,"Unit_4_80_2018",0.251397796269692,0.25754393850033,1109.29312821639,1.00018672677834,"12",21.5,53,1.81,NA,6.6,NA,3.07,NA,"color_challenge","Control",43.8,"Control","Control",NA,"Control_Control",272107599,"272107599","home","M",1.8,6.6,3.1,19,5,5,"Fledged"
272107267,2018,"Unit_4_80_2018",0.338878121863609,0.334292372324378,1496.41551394336,1.00004574862352,"12",23,54,3.97,NA,19.64,NA,5.85,NA,"color_challenge","Control",43.8,"Control","Control",239159375,"Control_Control",272107599,"272107298","cross","M",4,19.6,5.8,23.5,5,5,"Fledged"
272107268,2018,"Unit_4_80_2018",0.298687191338616,0.29733165212178,1318.66554475573,1.00015389555599,"12",25,57,0.47,NA,10.67,NA,3.99,NA,"color_challenge","Control",43.8,"Control","Control",272107693,"Control_Control",272107599,"272107298","cross","M",0.5,10.7,4,0.8,5,5,"Fledged"
272107269,2018,"Unit_4_80_2018",0.414986645082417,0.395779216654716,1831.56239333452,1.00004905770211,"12",21,52,1.22,NA,8.24,NA,2.61,NA,"color_challenge","Control",43.8,"Control","Control",NA,"Control_Control",272107599,"272107599","home","F",1.2,8.2,2.6,14.4,5,5,"Fledged"
272107270,2018,"Unit_4_80_2018",0.403913981596925,0.410305396208465,1787.95684891833,1.00008947931279,"12",23.5,56,1.82,NA,10.4,NA,6.18,NA,"color_challenge","Control",43.8,"Control","Control",272107693,"Control_Control",272107599,"272107298","cross","F",1.8,10.4,6.2,14.1,5,5,"Fledged"
272107271,2018,"Unit_1_91_2018",0.375939948123402,0.376158759386659,1667.46944941637,1.00020719476323,"12",18.25,49,1.29,NA,29.38,NA,8.77,NA,"color_challenge","Control",56.2,"Predation","Control",262125966,"Control_Predator",272107809,"232146953","cross","M",1.3,29.4,8.8,6.3,5,5,"Died"
272107272,2018,"Unit_1_91_2018",NA,NA,NA,NA,"12",20,49,3.32,NA,28.2,NA,5.14,NA,"color_challenge","Control",56.2,"Predation","Control",NA,"Control_Predator",272107809,"232146953","cross","F",3.3,28.2,5.1,15,5,5,"Fledged"
272107274,2018,"Unit_1_91_2018",0.191030290406846,0.194885530369006,1195.26141756345,1.00035318960948,"12",19,42,7.56,NA,24.81,NA,7.02,NA,"color_challenge","Control",56.2,"Predation","Control",272107634,"Control_Predator",272107809,"272107809","home","F",7.6,24.8,7,2.5,5,5,"Fledged"
272107275,2018,"Unit_1_91_2018",0.24282192607322,0.249650772315474,1558.2149749529,1.00042528423614,"12",20.5,48,0.47,NA,39.93,NA,3.48,NA,"color_challenge","Control",56.2,"Predation","Control",262125966,"Control_Predator",272107809,"232146953","cross","M",0.5,39.9,3.5,12.5,5,5,"Fledged"
272107273,2018,"Unit_1_91_2018",0.236007773103312,0.225511742175749,1472.46779695435,1.00031986137354,"12",19.5,44,0.47,NA,12.97,NA,NA,NA,"color_challenge","Control",56.2,"Predation","Control",272107529,"Control_Predator",272107809,"272107809","home","F",0.5,13,NA,19.3,5,5,"Fledged"
272107276,2018,"Unit_1_81_2018",0.138577983471534,0.139723408540739,867.578860790708,1.00045432400325,"12",19.5,48,3.7,NA,46.26,NA,3.6,NA,"color_challenge","Dull",55.9,"Control","Dull",272107634,"Dull_Control",232146953,"272107809","cross","F",3.7,46.3,3.6,7.1,5,5,"Fledged"
272107277,2018,"Unit_1_81_2018",0.274634730758915,0.278808070653153,1720.60957024091,1.00043050945929,"12",19.75,54,6.66,NA,47.18,NA,9.17,NA,"color_challenge","Dull",55.9,"Control","Dull",262125966,"Dull_Control",232146953,"232146953","home","F",6.7,47.2,9.2,7.2,5,5,"Died"
272107278,2018,"Unit_1_81_2018",0.267784406056553,0.266942874017372,1673.39354111049,1.00038093863976,"12",20.5,52,3.08,NA,20.51,NA,4.68,NA,"color_challenge","Dull",55.9,"Control","Dull",272107634,"Dull_Control",232146953,"272107809","cross","F",3.1,20.5,4.7,4.5,5,5,"Fledged"
272107279,2018,"Unit_1_81_2018",0.26540027371958,0.269226680376313,1655.93277262106,1.00030902405602,"12",18.5,45,2.98,NA,37.35,NA,6.09,NA,"color_challenge","Dull",55.9,"Control","Dull",272107634,"Dull_Control",232146953,"272107809","cross","F",3,37.3,6.1,19.7,5,5,"Fledged"
272107280,2018,"Unit_1_81_2018",0.27746244156204,0.283445803984178,1739.0083047652,1.00030141349097,"12",19.75,54,2.47,NA,16.18,NA,10.37,NA,"color_challenge","Dull",55.9,"Control","Dull",262125966,"Dull_Control",232146953,"232146953","home","F",2.5,16.2,10.4,13.8,5,5,"Fledged"
272107691,2018,"Unit_4_62_2018",0.248554926736444,0.241956202596353,1552.72616931133,1.00039933093118,"12",22,43,0.83,NA,NA,NA,4.57,NA,"color_challenge","Dull",57.4,"Predation","Dull",259122329,"Dull_Predator",272107219,"240134898","cross","M",0.8,19.3,4.6,20.9,2,6,"Fledged"
272107692,2018,"Unit_4_62_2018",0.202256658491425,0.206558368705924,1265.46310644215,1.00041763432035,"12",21,48,3.48,NA,NA,NA,4.94,NA,"color_challenge","Dull",57.4,"Predation","Dull",240134830,"Dull_Predator",272107219,"240134898","cross","F",3.5,24.8,4.9,20,2,6,"Fledged"
156181132,2018,"Unit_2_2_2018",0.174160874976751,0.172603619576199,1088.71533499622,1.00038248368926,"12",20,53,1.13,NA,5.62,NA,3.64,NA,"color_challenge","Control",47.1,"Control","Control",NA,"Control_Control",272107807,"272107807","home","M",1.1,5.6,3.6,36.2,5,5,"Fledged"
156181133,2018,"Unit_2_2_2018",0.254247045858809,0.251138899719957,1592.20655457301,1.00039945179515,"12",20,52.5,0.47,NA,7.66,NA,NA,NA,"color_challenge","Control",47.1,"Control","Control",263113739,"Control_Control",272107807,"272107297","cross","F",0.5,7.7,NA,23.2,5,5,"Fledged"
156181134,2018,"Unit_2_2_2018",0.218057281883431,0.218351478138173,1363.51443114017,1.0003474544543,"12",19.5,53,0.47,NA,32.02,NA,3.4,NA,"color_challenge","Control",47.1,"Control","Control",272107817,"Control_Control",272107807,"272107807","home","M",0.5,32,3.4,31.8,5,5,"Fledged"
156181135,2018,"Unit_2_2_2018",0.233158289640721,0.231744169892548,1457.8642243784,1.00034597910656,"12",23.3,53,1.61,NA,11.64,NA,2.95,NA,"color_challenge","Control",47.1,"Control","Control",NA,"Control_Control",272107807,"272107297","cross","F",1.6,11.6,2.9,22.2,5,5,"Fledged"
156181136,2018,"Unit_2_2_2018",0.228865349281596,0.224671299721217,1433.52129094669,1.00040151253909,"12",17,40,0.93,NA,34.87,NA,3.62,NA,"color_challenge","Control",47.1,"Control","Control",NA,"Control_Control",272107807,"272107807","home","F",0.9,34.9,3.6,37.3,5,5,"Died"
156181137,2018,"Unit_2_21_2018",0.147277525104883,0.151181649218268,916.647182554705,1.00045518410182,"12",15.5,46,9.86,NA,48.23,NA,4.86,NA,"color_challenge","Dull",49.2,"Predation","Dull",272107530,"Dull_Predator",88004754,"272107801","cross","M",9.9,48.2,4.9,35.3,4,6,"Died"
156181138,2018,"Unit_2_21_2018",0.152510665382956,0.141336388110674,953.19562336983,1.00045151695069,"12",19,46,4.68,NA,32.1,NA,2.07,NA,"color_challenge","Dull",49.2,"Predation","Dull",272107530,"Dull_Predator",88004754,"272107801","cross","F",4.7,32.1,2.1,NA,4,6,"Died"
156181139,2018,"Unit_2_21_2018",NA,NA,NA,NA,"12",15,40,NA,NA,38.78,NA,7.11,NA,"color_challenge","Dull",49.2,"Predation","Dull",272107689,"Dull_Predator",88004754,"272107801","cross","F",NA,38.8,7.1,NA,4,6,"Died"
156181140,2018,"Unit_2_21_2018",0.270642369094992,0.279505973044549,1689.36122178047,1.00036844722465,"12",13.75,35,24.52,NA,55.03,NA,4.2,NA,"color_challenge","Dull",49.2,"Predation","Dull",NA,"Dull_Predator",88004754,"88004754","home","F",24.5,55,4.2,NA,4,6,"Died"
156181141,2018,"Unit_2_114_2018",0.0988759874259586,0.101986689324197,615.889841736389,1.00043855598312,"12",12,26,0.47,NA,0.47,NA,1.24,NA,"color_challenge","Dull",57,"Predation","Dull",NA,"Dull_Predator",272107217,"272106908","cross","F",0.5,0.5,1.2,NA,1,6,"Fledged"
272107695,2018,"Unit_1_121_2018",0.0965768222678412,0.0958668326515262,602.80784531427,1.0004709599325,"12",13.5,25,5.06,NA,NA,NA,NA,NA,"color_challenge","Dull",33.9,"Predation","Dull",NA,"Dull_Predator",272107750,"272107750","home","F",5.1,9.5,NA,45.8,2,6,"Fledged"
272107694,2018,"Unit_1_121_2018",0.260568663373713,0.251006993252514,1624.62207693562,1.00039896005665,"12",13,26,8.34,NA,NA,NA,3.24,NA,"color_challenge","Dull",33.9,"Predation","Dull",NA,"Dull_Predator",272107750,"272107808","cross","F",8.3,14.1,3.2,16.8,2,6,"Fledged"
272107283,2018,"Unit_2_27_2018",0.248493503141699,0.253598869960304,1549.02728215784,1.00033935938463,"12",14.75,25,2.34,NA,4.02,NA,NA,NA,"color_challenge","Dull",48.2,"Predation","Dull",272107816,"Dull_Predator",272107297,"272107297","home","F",2.3,4,NA,80.7,1,1,"Fledged"
272107281,2018,"Unit_2_30_2018",0.358887348464628,0.363012548547356,2239.21570627937,1.00039645680568,"12",23.5,48,3.53,NA,3.69,NA,2.14,NA,"color_challenge","Control",49,"Predation","Control",NA,"Control_Predator",272106613,"272107112","cross","F",3.5,3.7,2.1,23.2,2,2,"Fledged"
272107282,2018,"Unit_2_30_2018",0.121746954525119,0.126449567552152,759.285244703904,1.00041574807441,"12",23.5,51,3.44,NA,27.5,NA,4.12,NA,"color_challenge","Control",49,"Predation","Control",272107257,"Control_Predator",272106613,"272106613","home","M",3.4,27.5,4.1,28.6,2,2,"Fledged"
272107826,2018,"Unit_1_17_2018",0.234753252042183,0.237276683038159,1468.18240091471,1.00036671661655,"12",13,31,2.15,NA,NA,NA,4.33,NA,"color_challenge","Control",53.6,"Predation","Control",272107529,"Control_Predator",272107153,"272106711","cross","M",2.1,9.4,4.3,NA,4,5,"Died"
272107899,2018,"Unit_1_17_2018",0.19361750403225,0.20160722548367,1209.26783512927,1.00035330626082,"12",9,27,22.42,NA,NA,NA,NA,NA,"color_challenge","Control",53.6,"Predation","Control",272107529,"Control_Predator",272107153,"272106711","cross","F",22.4,7.3,NA,NA,4,5,"Died"
272107827,2018,"Unit_1_17_2018",0.20173371331849,0.201720934585922,1259.28580173544,1.00037186926831,"12",13.75,33,2.73,NA,NA,NA,7.78,NA,"color_challenge","Control",53.6,"Predation","Control",88004790,"Control_Predator",272107153,"272107153","home","M",2.7,35,7.8,NA,4,5,"Died"
272107828,2018,"Unit_1_17_2018",0.18824132669434,0.189225948262435,1177.50119281657,1.00035707656919,"12",11.75,30,1.96,NA,NA,NA,4.88,NA,"color_challenge","Control",53.6,"Predation","Control",156181128,"Control_Predator",272107153,"272107153","home","M",2,11.2,4.9,NA,4,5,"Died"
272106851,2018,"Unit_2_102_2018",0.309925442032179,0.310309697357461,1934.74630558978,1.00037308391137,"12",17.75,41,2.64,NA,7.03,NA,1.29,NA,"color_challenge","Control",62.6,"Control","Control",NA,"Control_Control",272107811,"272107811","home","F",2.6,7,1.3,13,5,5,"Fledged"
272106852,2018,"Unit_2_102_2018",0.408039329702858,0.409145893646763,2547.27947830745,1.00040890239167,"12",18.5,42,0.52,NA,0.47,NA,1.63,NA,"color_challenge","Control",62.6,"Control","Control",NA,"Control_Control",272107811,"272107811","home","F",0.5,0.5,1.6,35.3,5,5,"Fledged"
272106854,2018,"Unit_2_102_2018",0.247573574623554,0.249883041733074,1546.35891484892,1.00037455202317,"12",19,42,0.47,NA,2.34,NA,2.57,NA,"color_challenge","Control",62.6,"Control","Control",272106915,"Control_Control",272107811,"272107811","home","M",0.5,2.3,2.6,56.5,5,5,"Fledged"
272106856,2018,"Unit_2_102_2018",0.157665955297878,0.142996824098959,984.056528027348,1.0004472300136,"12",22,56,0.47,NA,5.97,NA,4.52,NA,"color_challenge","Control",62.6,"Control","Control",272107257,"Control_Control",272107811,"272106613","cross","M",0.5,6,4.5,23.6,5,5,"Fledged"
272106857,2018,"Unit_2_121_2018",0.0628274208203261,NA,392.11718995719,1.00048796557926,"12",14.25,31,1.51,NA,3.7,NA,3.27,NA,"color_challenge","Control",34.1,"Predation","Control",262126051,"Control_Predator",272107112,"272107112","home","F",1.5,3.7,3.3,14.4,6,6,"Fledged"
272106858,2018,"Unit_2_121_2018",0.194538714328064,0.192445176502524,1215.41564484505,1.00040187110733,"12",14.5,30.5,0.47,NA,1.11,NA,2.74,NA,"color_challenge","Control",34.1,"Predation","Control",262126051,"Control_Predator",272107112,"272107112","home","M",0.5,1.1,2.7,16.8,6,6,"Died"
272106859,2018,"Unit_2_121_2018",0.164853119719731,0.166779303437501,1031.77387851426,1.00042617280454,"12",19.75,29,1.12,NA,0.47,NA,0.47,NA,"color_challenge","Control",34.1,"Predation","Control",NA,"Control_Predator",272107112,"272107112","home","M",1.1,0.5,0.5,38.6,6,6,"Fledged"
272106860,2018,"Unit_2_121_2018",0.133032549221109,0.137008016413955,832.127483592067,1.00046063922145,"12",14.25,35,0.84,NA,1.27,NA,3.24,NA,"color_challenge","Control",34.1,"Predation","Control",NA,"Control_Predator",272107112,"272107811","cross","F",0.8,1.3,3.2,22.3,6,6,"Fledged"
272106861,2018,"Unit_2_121_2018",0.116492181690665,0.120240335408775,726.80176144038,1.00048906657566,"12",17.25,40,2.11,NA,2.16,NA,1.54,NA,"color_challenge","Control",34.1,"Predation","Control",262126051,"Control_Predator",272107112,"272107112","home","M",2.1,2.2,1.5,NA,6,6,"Died"
272107830,2018,"Unit_1_85_2018",0.153237025453169,0.154832025662776,957.960493076738,1.00042186489385,"12",20,51,2.59,NA,NA,NA,11.25,NA,"color_challenge","Control",57,"Control","Control",272107529,"Control_Control",272106711,"272106711","home","F",2.6,20.5,11.2,20.7,4,4,"Fledged"
272107831,2018,"Unit_1_85_2018",0.139170614936698,NA,869.548198578772,1.00045956068023,"12",20.5,53,2.51,NA,NA,NA,11.78,NA,"color_challenge","Control",57,"Control","Control",156181128,"Control_Control",272106711,"272107153","cross","F",2.5,20.5,11.8,14.2,4,4,"Died"
272107832,2018,"Unit_1_85_2018",NA,NA,NA,NA,"12",21.5,56,3.35,NA,NA,NA,15.89,NA,"color_challenge","Control",57,"Control","Control",272107529,"Control_Control",272106711,"272106711","home","M",3.3,28.9,15.9,27.2,4,4,"Fledged"
272107833,2018,"Unit_1_85_2018",0.176090121142635,0.180604091216784,1096.76924674614,1.00039088745982,"12",23,55,5.92,NA,NA,NA,11.72,NA,"color_challenge","Control",57,"Control","Control",88004790,"Control_Control",272106711,"272107153","cross","M",5.9,25.3,11.7,23.6,4,4,"Died"
272106862,2018,"Unit_2_121_2018",0.353801462982842,0.359345492132755,2199.25927372469,1.00045537196765,"12",14,36,0.47,NA,2.6,NA,1.48,NA,"color_challenge","Control",34.1,"Predation","Control",272106915,"Control_Predator",272107112,"272107811","cross","M",0.5,2.6,1.5,22.9,6,6,"Died"
272107454,2018,"Unit_2_117_2018",0.187635698639153,0.182756144577534,1174.19147323651,1.00040785509673,"12",22.25,54,2.9,NA,NA,NA,4.19,NA,"color_challenge","Dull",59.2,"Predation","Dull",272107688,"Dull_Predator",272106913,"272107786","cross","M",2.9,15.9,4.2,22.5,6,6,"Fledged"
272107455,2018,"Unit_2_117_2018",0.202558180683325,0.196108619984954,1268.38369053894,1.00036718871291,"12",21,52,1.13,NA,NA,NA,4.6,NA,"color_challenge","Dull",59.2,"Predation","Dull",NA,"Dull_Predator",NA,NA,NA,NA,NA,NA,NA,NA,6,6,"Fledged"
272107456,2018,"Unit_2_117_2018",0.246446034314874,0.226350868590445,1535.5156744857,1.00047071106243,"12",14.75,35,0.92,NA,NA,NA,1.82,NA,"color_challenge","Dull",59.2,"Predation","Dull",272107503,"Dull_Predator",272106913,"272106913","home","M",0.9,1.8,1.8,NA,6,6,"Fledged"
272107457,2018,"Unit_2_117_2018",0.143071461926535,0.145691040005545,894.790229671441,1.00039872597615,"12",19,47,1.98,NA,NA,NA,2.75,NA,"color_challenge","Dull",59.2,"Predation","Dull",262126015,"Dull_Predator",272106913,"272106913","home","M",2,8.5,2.7,19.2,6,6,"Fledged"
272107459,2018,"Unit_2_117_2018",0.161633546262022,0.155584332312858,1009.54803675427,1.00049584883133,"12",16,47,2.75,NA,NA,NA,4.42,NA,"color_challenge","Dull",59.2,"Predation","Dull",272107503,"Dull_Predator",272106913,"272106913","home","F",2.7,13.9,4.4,14.1,6,6,"Died"
272107460,2018,"Unit_2_117_2018",0.313943064529555,0.313697088078924,1968.85178178111,1.00026952339874,"12",22,48,3.02,NA,NA,NA,10.1,NA,"color_challenge","Dull",59.2,"Predation","Dull",NA,"Dull_Predator",272106913,"272107786","cross","M",3,17.4,10.1,15.8,6,6,"Fledged"
272107461,2018,"Unit_2_77_2018",0.15170272650062,0.150002622299006,949.884913494002,1.00039344002392,"12",12,27,6.72,NA,NA,NA,1.08,NA,"color_challenge","Control",47.2,"Control","Control",272107688,"Control_Control",272107786,"272107786","home","F",6.7,2.9,1.1,NA,3,6,"Died"
272107462,2018,"Unit_2_77_2018",0.225225157760662,0.228643977537344,1407.52942882825,1.00041370289491,"12",13,28,7.72,NA,NA,NA,2.12,NA,"color_challenge","Control",47.2,"Control","Control",272107688,"Control_Control",272107786,"272107786","home","M",7.7,8.1,2.1,NA,3,6,"Died"
272106863,2018,"Unit_4_93_2018",0.204075484648145,0.205221975967933,1275.00857195465,1.00042500043546,"12",22,50,2.3,NA,6.99,NA,3.88,NA,"color_challenge","Dull",48.1,"Control","Dull",239160615,"Dull_Control",156181156,"156181156","home","F",2.3,7,3.9,41.4,4,5,"Fledged"
272106864,2018,"Unit_4_93_2018",0.19090609788836,0.187155854399173,1190.93271212118,1.00036246555559,"12",22,47,3.7,NA,9.37,NA,10.33,NA,"color_challenge","Dull",48.1,"Control","Dull",239160615,"Dull_Control",156181156,"156181156","home","F",3.7,9.4,10.3,32.8,4,5,"Fledged"
272106865,2018,"Unit_4_93_2018",0.220586123790796,0.22462233686084,1375.46539005936,1.00037921506848,"12",20.75,37,8.66,NA,10.13,NA,10.6,NA,"color_challenge","Dull",48.1,"Control","Dull",239160615,"Dull_Control",156181156,"156181156","home","M",8.7,10.1,10.6,37.2,4,5,"Fledged"
272106866,2018,"Unit_4_93_2018",0.348636517786589,0.345354063630724,2177.66063434272,1.00045585307396,"12",21,45,2.84,NA,17.35,NA,8.89,NA,"color_challenge","Dull",48.1,"Control","Dull",239160615,"Dull_Control",156181156,"156181156","home","M",2.8,17.3,8.9,23.6,4,5,"Fledged"
156181146,2018,"Unit_1_12_2018",0.344711884607959,0.342786063406071,2149.37126106625,1.00029289419182,"12",16.5,45,3.72,NA,51.16,NA,22.63,NA,"color_challenge","Control",50.6,"Control","Control",88004790,"Control_Control",272107794,"272107794","home","F",3.7,51.2,22.6,35.1,5,6,"Died"
156181145,2018,"Unit_1_12_2018",0.228213319276824,0.230202866273188,1426.42265397598,1.00035227304537,"12",8,31,26.94,NA,20.31,NA,NA,NA,"color_challenge","Control",50.6,"Control","Control",88004790,"Control_Control",272107794,"272107794","home","M",26.9,20.3,NA,NA,5,6,"Died"
156181147,2018,"Unit_1_12_2018",0.264388489766131,0.26407734183441,1648.78758427477,1.00029280340698,"12",17.5,44,0.83,NA,59.74,NA,11.1,NA,"color_challenge","Control",50.6,"Control","Control",88004790,"Control_Control",272107794,"272107794","home","M",0.8,59.7,11.1,40.2,5,6,"Died"
156181149,2018,"Unit_1_12_2018",0.18346859243952,0.181004805763495,1144.70064636581,1.00037520545007,"12",20.5,49.5,2.57,NA,47.47,NA,6.98,NA,"color_challenge","Control",50.6,"Control","Control",272107345,"Control_Control",272107794,"272107794","home","M",2.6,47.5,7,21,5,6,"Died"
156181148,2018,"Unit_1_12_2018",0.25394168186378,0.256559241181659,1587.73567869793,1.00036158004989,"12",16.5,43,19.61,NA,78.65,NA,10.39,NA,"color_challenge","Control",50.6,"Control","Control",88004790,"Control_Control",272107794,"272107794","home","F",19.6,78.6,10.4,29.7,5,6,"Fledged"
272107291,2018,"Unit_4_71_2018",0.19143050576675,0.183562384871622,1195.57653083552,1.00044578344503,"12",23,55,4.63,NA,11.91,NA,4.6,NA,"color_challenge","Dull",41.2,"Control","Dull",NA,"Dull_Control",272107779,"272107779","home","F",4.6,11.9,4.6,35.6,5,5,"Fledged"
272107293,2018,"Unit_4_71_2018",0.23395519365516,0.22520140412908,1457.55702890614,1.00043601341404,"12",20,45,2.8,NA,34.62,NA,17.07,NA,"color_challenge","Dull",41.2,"Control","Dull",239159375,"Dull_Control",272107779,"272107779","home","M",2.8,34.6,17.1,64.9,5,5,"Fledged"
272107294,2018,"Unit_4_71_2018",0.142695871653068,0.140154357287452,917.233675615567,1.00047194942962,"12",22,55,3.33,NA,0,NA,3.78,NA,"color_challenge","Dull",41.2,"Control","Dull",NA,"Dull_Control",272107779,"272107779","home","F",3.3,NA,3.8,23.1,5,5,"Fledged"
272107295,2018,"Unit_4_71_2018",0.221217512032993,0.213888524151359,1382.86645855757,1.00047173142231,"12",22,53,0.83,NA,7.74,NA,5.73,NA,"color_challenge","Dull",41.2,"Control","Dull",272107693,"Dull_Control",272107779,"272107779","home","M",0.8,7.7,5.7,57.2,5,5,"Fledged"
272107296,2018,"Unit_4_71_2018",0.20211190573244,0.190150757138648,1261.06157227414,1.00046481417027,"12",23,53,1.7,NA,13.32,NA,8.43,NA,"color_challenge","Dull",41.2,"Control","Dull",NA,"Dull_Control",272107779,"272107779","home","M",1.7,13.3,8.4,22.4,5,5,"Fledged"
272107840,2018,"Unit_2_54_2018",0.291124059371976,0.290600691616819,1827.05283468376,1.00028323546493,"12",23.5,54,1.52,NA,NA,NA,3.11,NA,"color_challenge","Control",54.5,"Control","Control",272107816,"Control_Control",272106728,"272107698","cross","M",1.5,17.8,3.1,33.3,1,2,"Fledged"
272106975,2018,"Unit_2_82_2018",NA,NA,NA,NA,"12",19.25,56,1.27,NA,14.41,NA,7.43,NA,"color_challenge","Dull",60.2,"Control","Dull",272106974,"Dull_Control",272107596,"272107596","home","M",1.3,14.4,7.4,NA,5,5,"Died"
272106976,2018,"Unit_2_82_2018",0.474862409436146,0.476931283068993,2957.98440696739,1.00033851361663,"12",15.75,49.5,5.42,NA,5.53,NA,6.58,NA,"color_challenge","Dull",60.2,"Control","Dull",272106974,"Dull_Control",272107596,"272107596","home","F",5.4,5.5,6.6,NA,5,5,"Died"
272106977,2018,"Unit_2_82_2018",0.313231560035903,0.308648421414929,1947.75307402657,1.00030587389582,"12",19.5,55,7.36,NA,16.74,NA,6.12,NA,"color_challenge","Dull",60.2,"Control","Dull",263114341,"Dull_Control",272107596,"272107596","home","F",7.4,16.7,6.1,24.9,5,5,"Died"
272106978,2018,"Unit_2_82_2018",0.481076478020536,0.482455390165202,2994.75522344452,1.00029300230005,"12",20.5,52,1.97,NA,32.29,NA,8.42,NA,"color_challenge","Dull",60.2,"Control","Dull",263114341,"Dull_Control",272107596,"272107596","home","F",2,32.3,8.4,NA,5,5,"Died"
272106979,2018,"Unit_2_82_2018",0.464590311056272,0.459517135588699,2894.28073466344,1.00025464862346,"12",24,58,2.46,NA,13.85,NA,15.7,NA,"color_challenge","Dull",60.2,"Control","Dull",263114341,"Dull_Control",272107596,"272107596","home","M",2.5,13.8,15.7,29.7,5,5,"Died"
281128709,2019,"Unit_2_111_2019",0.211928280715981,0.207972785806281,1230.89912937761,1.00024254989836,"12",15.5,47,2.44,176,20.48,163,6.19,173,"challenge_color","Control",37.7,"Control","Dull",259122557,"Dull_Control",272107739,"272107739","home","",2.3,19.4,5.9,20.9,5,5,"Died"
281128710,2019,"Unit_2_111_2019",0.168870674310908,0.171750979842447,980.321494820277,1.00025455885069,"12",19,50,1.62,169,33.8,183,7.59,183,"challenge_color","Control",37.7,"Control","Dull",278171397,"Dull_Control",272107739,"272107739","home","",1.5,32,7.2,25.8,5,5,"Died"
281128711,2019,"Unit_2_111_2019",0.208278979555387,0.204422641090799,1213.54173072088,1.00030171312338,"12",15.5,44.5,3.81,159,37.94,192,5.57,146,"challenge_color","Control",37.7,"Control","Dull",278171397,"Dull_Control",272107739,"272107739","home","",3.6,35.9,5.3,39.7,5,5,"Died"
281128712,2019,"Unit_2_111_2019",0.184538732919707,0.182285729788664,1072.43840676142,1.00031150271356,"12",19,50,2.7,154,48.29,169,4.96,176,"challenge_color","Control",37.7,"Control","Dull",278171397,"Dull_Control",272107739,"272107739","home","",2.6,45.7,4.7,18.4,5,5,"Died"
281128713,2019,"Unit_2_111_2019",0.143959987159814,NA,532.150135065502,1.00032044203237,"12",16.5,45,2.84,165,32.11,178,8.53,179,"challenge_color","Control",37.7,"Control","Dull",259122557,"Dull_Control",272107739,"272107739","home","",2.7,30.4,8.1,15.6,5,5,"Died"
281128716,2019,"Unit_2_35_2019",0.199943843892152,NA,1166.22630285279,1.00031810999826,"12",19.75,51,5.61,173,25.18,186,3.82,201,"challenge_color","Predator",46.2,"Predation","Dull",NA,"Dull_Predator",272107805,"278172145","cross","",5.3,23.8,3.6,40,5,5,"Fledged"
278172168,2019,"Unit_2_35_2019",0.139086709373825,0.136320065891676,807.489972118912,1.00029571747739,"12",19.25,50,3.53,219,63.27,237,3.37,247,"challenge_color","Predator",46.2,"Predation","Dull",NA,"Dull_Predator",272107805,"278172145","cross","",3.3,59.8,3.2,17,5,5,"Fledged"
281128717,2019,"Unit_2_35_2019",0.199129285273892,0.204051868679481,1156.73377830375,1.00031339834911,"12",17,52,1.83,184,64.57,194,6.12,228,"challenge_color","Predator",46.2,"Predation","Dull",272107816,"Dull_Predator",272107805,"272107805","home","",1.7,61.1,5.8,NA,5,5,"Fledged"
281128718,2019,"Unit_2_35_2019",0.399032280736265,0.393861010613021,2324.18416400597,1.00012948379177,"12",19.5,45,NA,NA,48.38,234,3.87,252,"challenge_color","Predator",46.2,"Predation","Dull",NA,"Dull_Predator",272107805,"278172145","cross","",NA,45.7,3.7,38.1,5,5,"Died"
281128719,2019,"Unit_2_35_2019",0.440581383477815,0.429442151281648,2558.3477752326,1.00002767000588,"12",17,52,16.84,199,71.02,190,2.62,237,"challenge_color","Predator",46.2,"Predation","Dull",272107816,"Dull_Predator",272107805,"272107805","home","",15.9,67.2,2.5,31.5,5,5,"Died"
281128720,2019,"Unit_2_103_2019",0.343703294561648,0.343059280067604,2001.45037442616,1.00027452968912,"12",22,48,1.82,188,18.58,197,6.34,227,"challenge_color","Control",43.8,"Control","Control",263114244,"Control_Control",272107786,"272106822","cross","",1.7,17.6,6,30.7,6,6,"Fledged"
281128721,2019,"Unit_2_103_2019",0.456669099296805,0.457816351779365,2654.81324795486,1.00033229981174,"12",22,51,7.98,193,39.91,227,5.7,222,"challenge_color","Control",43.8,"Control","Control",281128742,"Control_Control",272107786,"272107786","home","",7.5,37.7,5.4,32.1,6,6,"Fledged"
281128722,2019,"Unit_2_103_2019",0.295590555861678,0.286773726408829,1721.28858184959,1.00034019173901,"12",19.5,45,0.69,175,57.12,195,7.68,229,"challenge_color","Control",43.8,"Control","Control",259122557,"Control_Control",272107786,"272106822","cross","",0.7,54,7.3,15.2,6,6,"Fledged"
281128723,2019,"Unit_2_103_2019",0.23894954131072,0.242068234248732,1395.23532516709,1.00026280628106,"12",21,48,3.76,181,44.08,197,9.48,224,"challenge_color","Control",43.8,"Control","Control",272106664,"Control_Control",272107786,"272107786","home","",3.6,41.7,9,52.2,6,6,"Fledged"
281128724,2019,"Unit_2_103_2019",0.278548069358405,0.277012830975097,1617.8561193325,1.00035496753803,"12",24.5,50,12.34,186,22.19,216,4.98,220,"challenge_color","Control",43.8,"Control","Control",259122557,"Control_Control",272107786,"272106822","cross","",11.7,21,4.7,48,6,6,"Died"
281128725,2019,"Unit_2_103_2019",0.371459065602763,0.350490571197861,2158.09407076373,1.0003509757887,"12",23.25,56,5.35,200,20.1,218,4.01,214,"challenge_color","Control",43.8,"Control","Control",281128742,"Control_Control",272107786,"272107786","home","",5.1,19,3.8,29.8,6,6,"Fledged"
278171895,2019,"Unit_2_121_2019",0.291667606820774,0.289839766633387,1688.8302798336,1.0002218821634,"12",18,46,0.47,220,17.24,213,40.23,212,"challenge_color","Control",49.6,"Control","Dull",240150159,"Dull_Control",88004570,"88004570","home","",0.5,16.3,38,24.6,1,1,"Fledged"
278171881,2019,"Unit_2_68_2019",0.295521559148772,0.295962366391622,1710.9865589033,1.00024813211457,"12",19,39,4.35,159,15.66,221,4.04,187,"challenge_color","Control",55.6,"Control","Dull",263114244,"Dull_Control",272106822,"272106822","home","",4.1,14.8,3.8,12.2,6,7,"Fledged"
278171882,2019,"Unit_2_68_2019",0.256088557545967,NA,1487.68512202745,1.00024193544629,"12",18,49,2.61,286,9.34,290,4.97,319,"challenge_color","Control",55.6,"Control","Dull",259122557,"Dull_Control",272106822,"272106822","home","",2.5,8.8,4.7,21,6,7,"Fledged"
278171883,2019,"Unit_2_68_2019",0.268590393589464,0.269773475884256,1560.47536089321,1.0002687322591,"12",19.75,56,2.01,165,28.54,220,4.99,257,"challenge_color","Control",55.6,"Control","Dull",281128726,"Dull_Control",272106822,"281128604","cross","",1.9,27,4.7,11.7,6,7,"Fledged"
278171884,2019,"Unit_2_68_2019",0.289924741973411,0.284759841942052,1684.98471131212,1.0002261446432,"12",20.75,49,9.67,215,24.51,245,6.11,264,"challenge_color","Control",55.6,"Control","Dull",259122557,"Dull_Control",272106822,"272106822","home","",9.1,23.2,5.8,10.4,6,7,"Fledged"
278171885,2019,"Unit_2_68_2019",0.237074180564358,0.228641990507804,1380.16745227302,1.0002057118466,"12",22,54,5.64,174,31.28,216,10.6,174,"challenge_color","Control",55.6,"Control","Dull",NA,"Dull_Control",272106822,"281128604","cross","",5.3,29.6,10,37.6,6,7,"Fledged"
278171886,2019,"Unit_2_68_2019",0.210055460508248,0.216645556567439,1223.02186775212,1.00024997792708,"12",23.5,58,10.24,148,33.53,224,11.97,212,"challenge_color","Control",55.6,"Control","Dull",281128742,"Dull_Control",272106822,"272107786","cross","",9.7,31.7,11.3,15.1,6,7,"Fledged"
278172265,2019,"Unit_2_120_2019",0.183571181736323,0.18356711332448,1065.2455573906,1.00024228554831,"12",11.5,34,31.67,107,55.49,134,NA,88,"challenge_color","Control",52.1,"Control","Control",278172165,"Control_Control",272106913,"272106913","home","",29.9,52.5,NA,NA,7,7,"Died"
278172266,2019,"Unit_2_120_2019",0.164800551745194,NA,962.70412808139,1.00025729873312,"12",17,45,NA,138,26.59,154,16.64,100,"challenge_color","Control",52.1,"Control","Control",262126105,"Control_Control",272106913,"272106913","home","",NA,25.1,15.7,NA,7,7,"Died"
278172267,2019,"Unit_2_120_2019",0.146536464590347,0.146731072340734,856.414517812392,1.00030310055826,"12",13.75,38.5,15.76,139,37.6,126,10.06,110,"challenge_color","Control",52.1,"Control","Control",262126105,"Control_Control",272106913,"272106913","home","",14.9,35.6,9.5,NA,7,7,"Died"
278172268,2019,"Unit_2_120_2019",0.146285430882493,0.139974038855431,843.595961228626,1.00031134149085,"12",17.5,47,6.48,177,20.21,141,3.75,168,"challenge_color","Control",52.1,"Control","Control",262126051,"Control_Control",272106913,"88004570","cross","",6.1,19.1,3.5,43.3,7,7,"Fledged"
278172269,2019,"Unit_2_120_2019",NA,NA,NA,NA,"12",18.5,51,23.24,170,59.28,171,5.15,143,"challenge_color","Control",52.1,"Control","Control",278172165,"Control_Control",272106913,"272106913","home","",22,56.1,4.9,42.4,7,7,"Fledged"
278172270,2019,"Unit_2_120_2019",0.205272751676554,0.204676165635766,1184.84017354892,1.00024100099759,"12",16.5,50,25.63,181,60.43,159,4,152,"challenge_color","Control",52.1,"Control","Control",240150159,"Control_Control",272106913,"88004570","cross","",24.2,57.1,3.8,30.3,7,7,"Fledged"
278172271,2019,"Unit_2_120_2019",0.169871077351537,0.169218448259017,983.754218371067,1.00035143359073,"12",14.5,44,17.61,153,86.78,126,4.84,168,"challenge_color","Control",52.1,"Control","Control",262126105,"Control_Control",272106913,"272106913","home","",16.6,82.1,4.6,NA,7,7,"Died"
278172272,2019,"Unit_2_101_2019",0.185257420469048,0.177181266097022,1077.87976514097,1.00034908036621,"12",18.5,54,8.7,179,66.78,180,18.49,133,"challenge_color","Predator",50.2,"Predation","Dull",272107256,"Dull_Predator",278172147,"278172147","home","",8.2,63.1,17.5,49.5,5,5,"Fledged"
278172273,2019,"Unit_2_101_2019",0.26389505741784,0.264293607128113,1528.5914148826,1.00023984221622,"12",19.5,53,11.67,186,27.39,NA,13.55,165,"challenge_color","Predator",50.2,"Predation","Dull",272107256,"Dull_Predator",278172147,"278172147","home","",11,25.9,12.8,26,5,5,"Fledged"
278172275,2019,"Unit_2_101_2019",0.413853963797862,0.412409798339242,2406.48896708938,1.00019753152233,"12",16.5,48,17.57,190,36.66,181,8.93,155,"challenge_color","Predator",50.2,"Predation","Dull",272107256,"Dull_Predator",278172147,"278172147","home","",16.6,34.7,8.4,49.6,5,5,"Fledged"
278172276,2019,"Unit_2_101_2019",0.381419045397096,0.378644975535683,2229.60977806062,1.00017451026353,"12",20,55,6.89,183,84.82,150,11.57,143,"challenge_color","Predator",50.2,"Predation","Dull",278172288,"Dull_Predator",278172147,"278171896","cross","",6.5,80.2,10.9,NA,5,5,"Died"
278171887,2019,"Unit_2_109_2019",0.215122496322392,0.211511523025818,1249.49399749837,1.00016913127846,"12",16.5,48,52.24,173,47.01,177,3.62,176,"challenge_color","Control",55.4,"Control","Dull",263114244,"Dull_Control",278172149,"272107284","cross","",49.4,44.5,3.4,9.7,5,5,"Died"
278171888,2019,"Unit_2_109_2019",0.214163853083728,0.2140627167322,1243.63762125623,1.00025868123765,"12",17.5,51,55.31,178,109.7,112,4.85,188,"challenge_color","Control",55.4,"Control","Dull",NA,"Dull_Control",278172149,"unk","cross","",52.3,103.7,4.6,57.3,5,5,"Died"
278171889,2019,"Unit_2_109_2019",0.151353863225562,0.14137334874649,875.533572702328,1.00034305620491,"12",17,53,16.96,184,75.55,191,7.44,157,"challenge_color","Control",55.4,"Control","Dull",NA,"Dull_Control",278172149,"272107284","cross","",16,71.4,7,53.4,5,5,"Fledged"
278171890,2019,"Unit_2_109_2019",0.212801308662634,0.208829209888824,1236.34054248709,1.00029339635693,"12",18,53.5,27.5,159,26.29,164,5.07,196,"challenge_color","Control",55.4,"Control","Dull",272106847,"Dull_Control",278172149,"278172149","home","",26,24.9,4.8,59,5,5,"Fledged"
278171891,2019,"Unit_2_109_2019",0.188096856790259,0.192181692378396,1092.05083256639,1.00028262536249,"12",18.5,54,55.83,173,26.43,166,3.71,206,"challenge_color","Control",55.4,"Control","Dull",272106847,"Dull_Control",278172149,"278172149","home","",52.8,25,3.5,41.7,5,5,"Fledged"
281128737,2019,"Unit_2_39_2019",0.143978675581786,0.145826708331614,835.522900376466,1.0003245142749,"12",19.5,55,5.91,247,39.26,218,7.71,231,"challenge_color","Control",56.2,"Control","Control",272107817,"Control_Control",272107748,"272107748","home","",5.6,37.1,7.3,22,5,5,"Fledged"
281128738,2019,"Unit_2_39_2019",0.227468766291371,0.229844838443981,1320.37860745254,1.00030092610755,"12",17.5,47,2.52,247,34.66,248,14.64,NA,"challenge_color","Control",56.2,"Control","Control",272107817,"Control_Control",272107748,"272107748","home","",2.4,32.8,13.8,31.8,5,5,"Fledged"
281128739,2019,"Unit_2_39_2019",0.272756795770778,0.282198019893375,1574.49573107609,1.00027822054721,"12",19.5,60,2.71,323,37.77,344,12.52,278,"challenge_color","Control",56.2,"Control","Control",272107817,"Control_Control",272107748,"272107748","home","",2.6,35.7,11.8,19.9,5,5,"Fledged"
281128740,2019,"Unit_2_39_2019",0.277319654251382,0.277381976070552,1603.48765441607,1.00022788014727,"12",20,60,3.85,244,51.64,276,7.9,244,"challenge_color","Control",56.2,"Control","Control",278172164,"Control_Control",272107748,"278172150","cross","",3.6,48.8,7.5,23.1,5,5,"Fledged"
281128741,2019,"Unit_2_39_2019",0.239865038547788,0.247114435529615,1386.32160983182,1.0002697681606,"12",20,NA,10.28,174,62.81,369,17.29,281,"challenge_color","Control",56.2,"Control","Control",272107817,"Control_Control",272107748,"272107748","home","",9.7,59.4,16.3,43.3,5,5,"Fledged"
281128727,2019,"Unit_2_80_2019",0.125009709459048,0.124359100026778,945.565960734964,1.00039739817291,"12",18.5,47,31.9,194,60.77,170,8.16,130,"challenge_color","Control",33,"Control","Dull",272107817,"Dull_Control",278172150,"272107748","cross","",30.2,57.5,7.7,38.1,6,6,"Died"
281128728,2019,"Unit_2_80_2019",0.261779384127541,0.260052650400744,1522.41781007546,1.00021398246553,"12",15.5,48,2.64,174,35.21,186,8.07,167,"challenge_color","Control",33,"Control","Dull",272107817,"Dull_Control",278172150,"272107748","cross","",2.5,33.3,7.6,10.3,6,6,"Died"
281128729,2019,"Unit_2_80_2019",0.266909484392657,0.265909347716796,1556.84314587383,1.00020933394717,"12",15.75,49,15.78,174,42.53,118,10.18,98,"challenge_color","Control",33,"Control","Dull",278172164,"Dull_Control",278172150,"278172150","home","",14.9,40.2,9.6,25.9,6,6,"Died"
281128730,2019,"Unit_2_80_2019",0.182617081165707,0.190558686592532,1059.36509070561,1.00024815391698,"12",18,53,7.74,195,26.1,154,NA,NA,"challenge_color","Control",33,"Control","Dull",278172164,"Dull_Control",278172150,"278172150","home","",7.3,24.7,NA,42.2,6,6,"Fledged"
281128731,2019,"Unit_2_80_2019",0.331978257573786,0.330474249458687,1916.69467532161,1.00028567592452,"12",14,49,8.99,162,38.43,133,6.28,140,"challenge_color","Control",33,"Control","Dull",278172164,"Dull_Control",278172150,"278172150","home","",8.5,36.3,5.9,24.5,6,6,"Died"
281128732,2019,"Unit_2_80_2019",0.290377602648627,0.292826112980425,1685.31959196631,1.00020189537314,"12",18,54,8.67,195,43.42,155,10.33,125,"challenge_color","Control",33,"Control","Dull",278172164,"Dull_Control",278172150,"278172150","home","",8.2,41.1,9.8,19.1,6,6,"Died"
281128733,2019,"Unit_2_20_2019",0.205915687488659,0.212178544267424,1197.94378699445,1.00031663146916,"12",19,56,15.7,211,44.3,193,10.37,151,"challenge_color","Control",41.2,"Control","Control",278172166,"Control_Control",281128402,"281128402","home","",14.8,41.9,9.8,30.4,4,5,"Fledged"
281128734,2019,"Unit_2_20_2019",0.21929218870517,0.220814191873273,1278.75217495768,1.00025600970282,"12",20,53,8.01,142,47.36,NA,NA,132,"challenge_color","Control",41.2,"Control","Control",278172166,"Control_Control",281128402,"281128402","home","",7.6,44.8,NA,NA,4,5,"Died"
281128735,2019,"Unit_2_20_2019",0.190904920234296,0.189426726763041,1111.31721289375,1.00029243688719,"12",20,53,22.79,196,47.81,188,9.99,114,"challenge_color","Control",41.2,"Control","Control",278172166,"Control_Control",281128402,"281128402","home","",21.5,45.2,9.4,45.2,4,5,"Fledged"
281128736,2019,"Unit_2_20_2019",0.255611596729004,0.26663391516055,1489.72055330657,1.00025047957771,"12",20.5,55,0.7,203,57.89,127,NA,NA,"challenge_color","Control",41.2,"Control","Control",278172166,"Control_Control",281128402,"281128402","home","",0.7,54.7,NA,31.8,4,5,"Fledged"
278172277,2019,"Unit_2_116_2019",0.309628671407761,0.312779553766883,1798.68605489533,1.00020893880011,"12",17.5,46,1.61,188,26.77,250,5.56,209,"challenge_color","Control",53.8,"Control","Control",272107256,"Control_Control",272107217,"272107217","home","",1.5,25.3,5.3,9.9,5,5,"Fledged"
278172278,2019,"Unit_2_116_2019",0.255282747494715,0.252278597174706,1470.89800533776,1.00034967257904,"12",15.5,50,1.81,155,63.45,155,4.86,192,"challenge_color","Control",53.8,"Control","Control",278171880,"Control_Control",272107217,"278172153","cross","",1.7,60,4.6,31.1,5,5,"Fledged"
278172279,2019,"Unit_2_116_2019",0.233938514438121,0.229982126061343,1350.53132474093,1.00018906479844,"12",16.5,51,15.08,130,61.69,129,4.16,158,"challenge_color","Control",53.8,"Control","Control",278171880,"Control_Control",272107217,"278172153","cross","",14.3,58.3,3.9,14.1,5,5,"Fledged"
278172280,2019,"Unit_2_116_2019",0.373884350362846,0.372569987872716,2169.18252089928,1.00019714711231,"12",15.5,23.48,1.1,178,48.84,203,5.44,178,"challenge_color","Control",53.8,"Control","Control",278171880,"Control_Control",272107217,"278172153","cross","",1,46.2,5.1,29,5,5,"Fledged"
278172281,2019,"Unit_2_116_2019",0.295811617364599,0.293333637047247,1727.95297700929,1.0002558205847,"12",19.25,51.5,17.54,203,84.55,175,9.8,176,"challenge_color","Control",53.8,"Control","Control",272107256,"Control_Control",272107217,"272107217","home","",16.6,79.9,9.3,41.4,5,5,"Fledged"
278172303,2019,"Unit_2_94_2019",NA,NA,NA,NA,"12",14.5,32,1.37,243,38.78,256,NA,NA,"challenge_color","Predator",43.2,"Predation","Control",281128605,"Control_Predator",281128403,"281128403","home","",1.3,36.7,NA,NA,4,6,"Died"
278172304,2019,"Unit_2_94_2019",0.342357003229618,0.334861410261465,1258.29735162067,1.00029419971245,"12",14,31,4.28,264,17.46,282,5.52,248,"challenge_color","Predator",43.2,"Predation","Control",262126105,"Control_Predator",281128403,"281128403","home","",4,16.5,5.2,NA,4,6,"Died"
278172305,2019,"Unit_2_94_2019",0.269794721992059,0.267577684722396,1571.63501285977,1.00029465091389,"12",15,32,3.31,293,NA,NA,4.81,208,"challenge_color","Predator",43.2,"Predation","Control",281128605,"Control_Predator",281128403,"281128403","home","",3.1,NA,4.6,28,4,6,"Died"
278172306,2019,"Unit_2_94_2019",0.139924603228231,0.139306365289126,1009.32401666178,1.00035524866012,"12",11.75,28.5,4.71,206,9.3,286,3.98,241,"challenge_color","Predator",43.2,"Predation","Control",262126105,"Control_Predator",281128403,"281128403","home","",4.5,8.8,3.8,NA,4,6,"Died"
281128743,2019,"Unit_1_105_2019",0.161398175059698,0.157463067472973,937.001202107582,1.00030490540312,"12",16.5,42,6.11,284,24.95,308,1.43,277,"challenge_color","Predator",50.9,"Predation","Dull",262125449,"Dull_Predator",281128701,"281128701","home","",5.8,23.6,1.3,24,5,5,"Fledged"
281128744,2019,"Unit_1_105_2019",0.272603970631118,0.276577921174426,1010.17533507908,1.0002606338723,"12",17.25,43,2.46,276,17.72,346,2.78,276,"challenge_color","Predator",50.9,"Predation","Dull",272107529,"Dull_Predator",281128701,"278172224","cross","",2.3,16.8,2.6,28.7,5,5,"Fledged"
281128745,2019,"Unit_1_105_2019",0.250537567915396,0.243502890974619,1455.88163583272,1.00023872186443,"12",16.5,45.5,0.61,253,5.63,261,2.25,232,"challenge_color","Predator",50.9,"Predation","Dull",262125966,"Dull_Predator",281128701,"272107809","cross","",0.6,5.3,2.1,14.5,5,5,"Fledged"
281128746,2019,"Unit_1_105_2019",0.154648524641085,0.148786386749789,1171.42016745312,1.00041089055521,"12",14.75,41,0.69,307,16.65,327,2.01,245,"challenge_color","Predator",50.9,"Predation","Dull",262125966,"Dull_Predator",281128701,"272107809","cross","",0.7,15.7,1.9,14.3,5,5,"Fledged"
281128747,2019,"Unit_1_105_2019",0.231227666727391,0.236817983032339,1344.56923807349,1.0002834848747,"12",12.5,37,6.89,280,14.35,217,2.79,186,"challenge_color","Predator",50.9,"Predation","Dull",262125449,"Dull_Predator",281128701,"281128701","home","",6.5,13.6,2.6,NA,5,5,"Died"
278172283,2019,"Unit_1_47_2019",0.166567719631103,0.164159827853025,967.256418558997,1.00035798552476,"12",18,47,4.57,225,42.79,NA,3.15,256,"challenge_color","Control",38.6,"Control","Control",272107529,"Control_Control",278172224,"278172224","home","",4.3,40.5,3,27.7,4,5,"Died"
278172284,2019,"Unit_1_47_2019",0.259134688293191,0.259876973388875,954.885395983481,1.00028786307042,"12",14,45,7.33,243,31.16,198,3.23,248,"challenge_color","Control",38.6,"Control","Control",262125966,"Control_Control",278172224,"272107809","cross","",6.9,29.5,3.1,NA,4,5,"Died"
278172285,2019,"Unit_1_47_2019",0.291869830634363,0.289694572944222,1405.6770700045,1.00044975655719,"12",17.5,51,4.74,258,36.59,248,3.39,202,"challenge_color","Control",38.6,"Control","Control",262125449,"Control_Control",278172224,"281128701","cross","",4.5,34.6,3.2,18.2,4,5,"Died"
278172286,2019,"Unit_1_47_2019",0.34019525696043,0.341765077160971,1978.17715652072,1.00024874691583,"12",13,35,1.73,168,43.12,199,5.98,185,"challenge_color","Control",38.6,"Control","Control",272107529,"Control_Control",278172224,"278172224","home","",1.6,40.8,5.7,NA,4,5,"Died"
281128801,2019,"Unit_1_81_2019",0.314990590259392,0.312799322567056,1827.80184629057,1.00022225310967,"12",17,48,8.5,169,42.73,233,7.96,201,"challenge_color","Control",48.1,"Control","Control",272106628,"Control_Control",272107809,"278172224","cross","",8,40.4,7.5,30.3,5,6,"Fledged"
281128802,2019,"Unit_1_81_2019",NA,NA,NA,NA,"12",17,42,6.09,127,18.2,167,3.67,181,"challenge_color","Control",48.1,"Control","Control",262125966,"Control_Control",272107809,"272107809","home","",5.8,17.2,3.5,8.5,5,6,"Fledged"
281128803,2019,"Unit_1_81_2019",0.247246880563844,0.246718446205846,1435.64953059275,1.00027876681585,"12",16.5,49,10.71,184,40.27,179,3.08,210,"challenge_color","Control",48.1,"Control","Control",262125966,"Control_Control",272107809,"272107809","home","",10.1,38.1,2.9,20.7,5,6,"Fledged"
281128805,2019,"Unit_1_81_2019",0.367471657379393,0.366776078498661,2130.51829124467,1.00035488818084,"12",18,54,NA,114,39.07,185,7.87,206,"challenge_color","Control",48.1,"Control","Control",262125449,"Control_Control",272107809,"281128701","cross","",NA,36.9,7.4,14.7,5,6,"Fledged"
281128646,2019,"Unit_2_127_2019",0.383203960200245,0.382601099239274,1417.47079371416,1.00035852525905,"12",16.5,45,20.59,214,62.07,223,1.83,220,"challenge_color","Predator",47,"Predation","Control",278171880,"Control_Predator",278172153,"278172153","home","",19.5,58.7,1.7,NA,5,5,"Died"
281128647,2019,"Unit_2_127_2019",0.525413394324851,0.519626250526474,2535.61161441106,1.00037513763401,"12",16.75,41,4.19,207,51.93,225,14.47,224,"challenge_color","Predator",47,"Predation","Control",272107690,"Control_Predator",278172153,"272107217","cross","",4,49.1,13.7,NA,5,5,"Died"
281128648,2019,"Unit_2_127_2019",0.188422126901764,0.191405007590208,1092.12095052999,1.0003253852872,"12",13.5,37,30.67,222,66.34,248,8.27,213,"challenge_color","Predator",47,"Predation","Control",278171880,"Control_Predator",278172153,"278172153","home","",29,62.7,7.8,NA,5,5,"Died"
281128649,2019,"Unit_2_127_2019",0.342624915345785,0.348540269863706,1976.90129897728,1.00028737969324,"12",11,31,23.3,211,21.89,248,4.34,231,"challenge_color","Predator",47,"Predation","Control",272107256,"Control_Predator",278172153,"272107217","cross","",22,20.7,4.1,NA,5,5,"Died"
281128650,2019,"Unit_2_127_2019",0.281856204467416,0.249242716294455,1047.68836810581,1.00037705002127,"12",16.5,43,9.96,257,75.93,242,4.93,207,"challenge_color","Predator",47,"Predation","Control",278171880,"Control_Predator",278172153,"278172153","home","",9.4,71.8,4.7,NA,5,5,"Died"
281128502,2019,"Unit_2_41_2019",0.246985419191077,0.243275247590836,1434.50419728881,1.00033161230975,"12",19.5,44,2.53,214,10.18,263,6.09,249,"challenge_color","Control",48.2,"Control","Control",272106957,"Control_Control",278172152,"278172152","home","",2.4,9.6,5.8,39.4,4,4,"Fledged"
281128503,2019,"Unit_2_41_2019",0.385405457572497,0.369345755381107,2238.48497367705,1.00033640854703,"12",18.5,42,1.23,218,16.01,270,4.48,265,"challenge_color","Control",48.2,"Control","Control",272107335,"Control_Control",278172152,"278172155","cross","",1.2,15.1,4.2,21.1,4,4,"Fledged"
281128504,2019,"Unit_2_41_2019",0.301542918887433,0.287847284710452,1750.73887462403,1.0003489466925,"12",18.5,51,1.99,196,13.37,267,6.25,261,"challenge_color","Control",48.2,"Control","Control",272106957,"Control_Control",278172152,"278172152","home","",1.9,12.6,5.9,29.7,4,4,"Fledged"
281128505,2019,"Unit_2_41_2019",0.362051465220425,0.35724521458044,1342.8432174236,1.00022869473851,"12",17.5,38.5,0.51,207,6,277,7.75,223,"challenge_color","Control",48.2,"Control","Control",272107335,"Control_Control",278172152,"278172155","cross","",0.5,5.7,7.3,16.5,4,4,"Fledged"
281128806,2019,"Unit_2_82_2019",0.0680868713537614,0.0689979506258425,328.966229661902,1.0004869483092,"12",12.5,32,23.85,225,21.68,NA,NA,NA,"challenge_color","Control",54.1,"Control","Control",272106974,"Control_Control",278171873,"278171873","home","",22.6,20.5,NA,NA,2,6,"Died"
281128807,2019,"Unit_2_82_2019",NA,NA,NA,NA,"12",11.5,24,3.5,190,NA,NA,NA,NA,"challenge_color","Control",54.1,"Control","Control",272106974,"Control_Control",278171873,"278171873","home","",3.3,NA,NA,NA,2,6,"Died"
281128808,2019,"Unit_2_75_2019",0.289066831442103,0.287335803654744,1677.39609272758,1.00026229958047,"12",13.5,31,0.47,227,0.61,265,1.22,246,"challenge_color","Control",47,"Control","Dull",272107256,"Dull_Control",278172154,"278172154","home","",0.5,0.6,1.2,36.5,6,6,"Fledged"
281128809,2019,"Unit_2_75_2019",0.458479067292964,0.455535991486359,2666.88566165782,1.00024098981561,"12",14.5,35,0.47,197,0.47,190,1.58,245,"challenge_color","Control",47,"Control","Dull",263114244,"Dull_Control",278172154,"278172154","home","",0.5,0.5,1.5,12.7,6,6,"Fledged"
281128810,2019,"Unit_2_75_2019",0.276604120234468,0.272300600959545,1604.51548356129,1.00022689880758,"12",16.5,36,0.51,192,0.51,228,1.21,246,"challenge_color","Control",47,"Control","Dull",262126105,"Dull_Control",278172154,"272107698","cross","",0.5,0.5,1.1,17.2,6,6,"Fledged"
281128811,2019,"Unit_2_75_2019",0.249260592904307,0.254549737886697,1445.58332728989,1.00029561626556,"12",19.25,39,1.56,195,1.58,210,1.75,233,"challenge_color","Control",47,"Control","Dull",281128772,"Dull_Control",278172154,"272107698","cross","",1.5,1.5,1.7,29.1,6,6,"Fledged"
281128812,2019,"Unit_2_75_2019",0.223817839150081,0.219346120042328,1301.03404072826,1.00035998717711,"12",9.25,24,0.47,190,0.47,252,NA,NA,"challenge_color","Control",47,"Control","Dull",272107256,"Dull_Control",278172154,"278172154","home","",0.5,0.5,NA,NA,6,6,"Died"
281128813,2019,"Unit_2_75_2019",0.331269035196203,0.335819039563832,1927.7741522201,1.00017404816728,"12",16.25,39,2.62,193,2.59,250,4.26,265,"challenge_color","Control",47,"Control","Dull",NA,"Dull_Control",278172154,"272107698","cross","",2.5,2.5,4,14.2,6,6,"Fledged"
281128748,2019,"Unit_2_29_2019",0.294172103653349,0.290008793882268,1712.79490662636,1.00031792850392,"12",20.5,41,0.47,184,3.97,186,3.77,185,"challenge_color","Predator",48.7,"Predation","Dull",272107257,"Dull_Predator",88004754,"88004754","home","",0.5,3.8,3.6,31.3,3,3,"Fledged"
281128749,2019,"Unit_2_29_2019",0.35678374622167,0.35800613568394,2075.75807293746,1.00026879011712,"12",22,45,0.49,208,6.01,256,5.11,234,"challenge_color","Predator",48.7,"Predation","Dull",272107257,"Dull_Predator",88004754,"88004754","home","",0.5,5.7,4.8,33.3,3,3,"Fledged"
281128750,2019,"Unit_2_29_2019",0.310648193271441,0.296263929872588,1814.8100876602,1.00033641970139,"12",21,38.5,0.47,176,5.92,207,2.47,219,"challenge_color","Predator",48.7,"Predation","Dull",272107257,"Dull_Predator",88004754,"88004754","home","",0.5,5.6,2.3,22.3,3,3,"Fledged"
281128506,2019,"Unit_2_3_2019",0.35285391322392,0.352476204520423,2038.77879062889,1.00018765622017,"12",13.5,33,9.42,188,5.35,210,3.15,227,"challenge_color","Control",48.3,"Control","Dull",272107335,"Dull_Control",278171872,"278172155","cross","",8.9,5.1,3,15.2,5,5,"Fledged"
281128507,2019,"Unit_2_3_2019",0.200576704385343,0.196958667341773,1166.42734072081,1.0003045657272,"12",21.5,52,0.47,183,7.01,195,3.11,234,"challenge_color","Control",48.3,"Control","Dull",272106957,"Dull_Control",278171872,"278172152","cross","",0.5,6.6,2.9,22.1,5,5,"Fledged"
281128508,2019,"Unit_2_3_2019",0.269039927810134,0.267716271746737,1566.25337009461,1.00025527832262,"12",16,41,1.38,214,7.95,211,1.53,310,"challenge_color","Control",48.3,"Control","Dull",272107815,"Dull_Control",278171872,"278171872","home","",1.3,7.5,1.4,33.8,5,5,"Fledged"
281128509,2019,"Unit_2_3_2019",0.194382727401135,0.202784758437847,937.170361546306,1.00043054001731,"12",17.5,41.5,1.05,178,4.96,223,2.02,179,"challenge_color","Control",48.3,"Control","Dull",272107815,"Dull_Control",278171872,"278171872","home","",1,4.7,1.9,24.7,5,5,"Fledged"
281128510,2019,"Unit_2_3_2019",0.545181558284911,0.530534981253182,2630.12042699874,1.00043495851301,"12",23.5,55.5,2.14,199,15.07,243,4.56,231,"challenge_color","Control",48.3,"Control","Dull",272106957,"Dull_Control",278171872,"278172152","cross","",2,14.2,4.3,14.4,5,5,"Fledged"
281128511,2019,"Unit_2_117_2019",0.394397174272054,0.392169445983787,1900.85609256992,1.00041645967775,"12",13,27,5.59,151,20.42,194,5.34,207,"challenge_color","Predator",29.5,"Predation","Dull",272106974,"Dull_Predator",278171875,"278171873","cross","",5.3,19.3,5,56.1,5,6,"Fledged"
281128512,2019,"Unit_2_117_2019",NA,NA,NA,NA,"12",15,34,4.73,181,9.14,206,5.61,208,"challenge_color","Predator",29.5,"Predation","Dull",281128726,"Dull_Predator",278171875,"278171875","home","",4.5,8.6,5.3,53.1,5,6,"Fledged"
281128513,2019,"Unit_2_117_2019",0.813592820123156,0.78813841355025,3923.27526569488,1.00037937363764,"12",11.75,29,14.79,193,8.4,209,4.93,216,"challenge_color","Predator",29.5,"Predation","Dull",281128726,"Dull_Predator",278171875,"278171875","home","",14,7.9,4.7,33.7,5,6,"Fledged"
281128514,2019,"Unit_2_117_2019",0.281773274995358,0.276103265739261,1362.33823162711,1.00038308024901,"12",12,30,1.34,190,7.39,210,3.2,266,"challenge_color","Predator",29.5,"Predation","Dull",272106974,"Dull_Predator",278171875,"278171873","cross","",1.3,7,3,34.6,5,6,"Fledged"
281128515,2019,"Unit_2_117_2019",0.368773854841297,0.370791125023718,1779.15247739427,1.0003817004813,"12",13.5,29,1.82,205,20.54,225,3.41,208,"challenge_color","Predator",29.5,"Predation","Dull",272107256,"Dull_Predator",278171875,"278171875","home","",1.7,19.4,3.2,36.2,5,6,"Fledged"
281128751,2019,"Unit_2_62_2019",0.318182378589632,0.320264785935139,1540.10029448819,1.00043673972509,"12",14.75,46,2.36,158,6.2,179,2.57,203,"challenge_color","Control",44.5,"Control","Control",NA,"Control_Control",272107855,"278172156","cross","",2.2,5.9,2.4,29.7,4,4,"Fledged"
281128752,2019,"Unit_2_62_2019",0.271996225243903,0.26185273624846,1306.47005745888,1.00044904634073,"12",17.5,55,3,192,20.16,203,3.28,249,"challenge_color","Control",44.5,"Control","Control",272107774,"Control_Control",272107855,"272107855","home","",2.8,19.1,3.1,48,4,4,"Fledged"
281128753,2019,"Unit_2_62_2019",0.256001361881413,0.251508662180049,1235.96995740956,1.00040313054921,"12",21,54,1.37,180,9.64,188,3.2,168,"challenge_color","Control",44.5,"Control","Control",NA,"Control_Control",272107855,"278172156","cross","",1.3,9.1,3,15.5,4,4,"Fledged"
281128754,2019,"Unit_2_62_2019",0.271441761679316,0.276010224282919,1306.88091908189,1.00043948096774,"12",19.5,50,4.78,203,10.22,202,5.17,200,"challenge_color","Control",44.5,"Control","Control",281128501,"Control_Control",272107855,"272107855","home","",4.5,9.7,4.9,18.8,4,4,"Fledged"
281128755,2019,"Unit_2_105_2019",0.422890937741208,0.421603839565924,2042.69246762698,1.00043217194969,"12",18,45,1.86,187,11.21,163,2.7,205,"challenge_color","Predator",55.7,"Predation","Dull",278172169,"Dull_Predator",278172158,"278172157","cross","",1.8,10.6,2.6,32,5,5,"Fledged"
281128756,2019,"Unit_2_105_2019",0.30344317191112,0.312765733607901,1460.00850349738,1.00035792620391,"12",14.5,44,1.26,184,21.84,182,4.51,197,"challenge_color","Predator",55.7,"Predation","Dull",281128742,"Dull_Predator",278172158,"278172158","home","",1.2,20.7,4.3,30.3,5,5,"Fledged"
281128757,2019,"Unit_2_105_2019",0.297676603237027,0.299138711861613,1432.20799294875,1.00036961474648,"12",22.75,49,2.97,154,6.45,175,3.86,216,"challenge_color","Predator",55.7,"Predation","Dull",278172169,"Dull_Predator",278172158,"278172157","cross","",2.8,6.1,3.6,18.1,5,5,"Fledged"
281128758,2019,"Unit_2_105_2019",0.301456979846762,0.280772075284211,1444.72309141676,1.00044442309802,"12",11.5,36,9.53,180,21.17,183,2.41,161,"challenge_color","Predator",55.7,"Predation","Dull",NA,"Dull_Predator",278172158,"278171876","cross","",9,20,2.3,79.7,5,5,"Fledged"
281128765,2019,"Unit_2_9_2019",0.373168710261495,0.379798571604733,1796.54146992574,1.00035065598848,"12",16.5,43,0.63,153,24.79,170,1.98,162,"challenge_color","Predator",37,"Predation","Dull",272107815,"Dull_Predator",278171877,"MysteryA","cross","",0.6,23.4,1.9,28.3,3,3,"Fledged"
281128766,2019,"Unit_2_9_2019",0.209896233565522,0.219017233679227,1012.73405783173,1.00043120416298,"12",17,38,3.01,195,27.53,216,2.96,166,"challenge_color","Predator",37,"Predation","Dull",272106986,"Dull_Predator",278171877,"278171877","home","",2.9,26,2.8,41.2,3,3,"Fledged"
281128767,2019,"Unit_2_9_2019",0.390808774945472,NA,1886.46961280622,1.00036599091269,"12",18,35,4.37,142,23.28,180,1.76,178,"challenge_color","Predator",37,"Predation","Dull",272106986,"Dull_Predator",278171877,"278171877","home","",4.1,22,1.7,48.7,3,3,"Died"
281128760,2019,"Unit_2_57_2019",NA,NA,NA,NA,"12",16,41,9.48,214,5.15,247,4.35,194,"challenge_color","Predator",49.6,"Predation","Control",278172282,"Control_Predator",156181153,"156181153","home","",9,4.9,4.1,39.5,5,5,"Died"
281128761,2019,"Unit_2_57_2019",0.262053545040448,0.259478485407938,1390.13077655227,1.0003269606811,"12",14.25,36.5,15.94,191,28.26,207,3.52,188,"challenge_color","Predator",49.6,"Predation","Control",278172282,"Control_Predator",156181153,"156181153","home","",15.1,26.7,3.3,NA,5,5,"Died"
281128762,2019,"Unit_2_57_2019",0.227788331488424,0.22330224454997,1105.57711352107,1.00040937244686,"12",13,32.5,0.47,228,1.12,267,4.3,207,"challenge_color","Predator",49.6,"Predation","Control",NA,"Control_Predator",156181153,"272107361","cross","",0.5,1.1,4.1,34,5,5,"Died"
281128763,2019,"Unit_2_57_2019",0.312008134878707,0.32063130088213,1505.97725964092,1.00035851622133,"12",14.5,33,3.76,198,14.51,203,3.44,199,"challenge_color","Predator",49.6,"Predation","Control",NA,"Control_Predator",156181153,"278172159","cross","",3.6,13.7,3.3,57.3,5,5,"Died"
281128764,2019,"Unit_2_57_2019",0.207184824212916,0.208173390907294,997.240869197478,1.00043675653999,"12",15,36,6.11,188,9.13,232,4.07,224,"challenge_color","Predator",49.6,"Predation","Control",NA,"Control_Predator",156181153,"272107361","cross","",5.8,8.6,3.9,51.1,5,5,"Died"
281128677,2019,"Unit_1_58_2019",0.293765949227237,0.295529115079398,1407.73919647851,1.0003685707511,"12",22,54,1.4,209,18.07,227,3.39,252,"challenge_color","Predator",28.7,"Predation","Control",272106615,"Control_Predator",281128704,"278172232","cross","",1.3,17.1,3.2,21.8,3,4,"Fledged"
281128678,2019,"Unit_1_58_2019",0.681963082896804,0.673226645456134,3290.30090262921,1.00031773544044,"12",20.5,48,7.09,188,16.97,171,8,254,"challenge_color","Predator",28.7,"Predation","Control",281128653,"Control_Predator",281128704,"281128704","home","",6.7,16.1,7.6,9.9,3,4,"Died"
281128679,2019,"Unit_1_58_2019",0.280154606586174,0.276195519200731,1356.11884192091,1.00037112291454,"12",22.5,54,0.47,193,24.38,217,2.21,217,"challenge_color","Predator",28.7,"Predation","Control",272106615,"Control_Predator",281128704,"278172232","cross","",0.5,23.1,2.1,14.4,3,4,"Fledged"
281128680,2019,"Unit_1_86_2019",0.490952764890215,NA,2367.88200990325,1.00045506088535,"12",13,35,0.47,176,1.05,171,3.08,176,"challenge_color","Control",49.1,"Control","Control",281128653,"Control_Control",278172233,"281128704","cross","",0.5,1,2.9,8.7,3,4,"Fledged"
281128681,2019,"Unit_1_86_2019",0.302759600300689,0.30450080882677,1462.50770735461,1.00035102776638,"12",17,37,1.24,186,5.08,228,2.9,199,"challenge_color","Control",49.1,"Control","Control",278171397,"Control_Control",278172233,"278172233","home","",1.2,4.8,2.7,27.6,3,4,"Fledged"
281128682,2019,"Unit_1_86_2019",0.346935676140476,0.340904371847894,1665.49069324777,1.00040995943759,"12",16,42,4.71,180,43.38,187,3.77,200,"challenge_color","Control",49.1,"Control","Control",272107529,"Control_Control",278172233,"278172233","home","",4.4,41,3.6,26.2,3,4,"Fledged"
281128524,2019,"Unit_2_78_2019",0.360173803672258,0.360838104507173,1737.68179277207,1.00035807912878,"12",18.75,43,15.09,194,26.56,230,4.28,229,"challenge_color","Control",43.9,"Control","Control",272107256,"Control_Control",278171896,"278171896","home","",14.3,25.1,4,25.5,3,3,"Fledged"
281128525,2019,"Unit_2_78_2019",0.212845761340161,0.205738863842904,1027.03273843394,1.00045131883134,"12",20,47,12.75,233,48.63,252,4.04,190,"challenge_color","Control",43.9,"Control","Control",278172170,"Control_Control",278171896,"278171896","home","",12.1,46,3.8,34.9,3,3,"Fledged"
281128526,2019,"Unit_2_78_2019",0.286943131969738,0.283717246347029,1382.48159550785,1.00038928000748,"12",15.75,47,8.08,163,43.27,236,5.92,190,"challenge_color","Control",43.9,"Control","Control",272107256,"Control_Control",278171896,"278171896","home","",7.6,40.9,5.6,25.8,3,3,"Fledged"
281128527,2019,"Unit_2_85_2019",0.332790959361315,0.333588346480144,1607.20702345991,1.00034769527608,"12",16,41,1.17,232,1.92,226,3.91,220,"challenge_color","Control",56.8,"Control","Dull",NA,"Dull_Control",281128602,"281128602","home","",1.1,1.8,3.7,15.5,5,5,"Fledged"
281128528,2019,"Unit_2_85_2019",0.234899732677655,0.23580704457561,1124.79877283476,1.00038640436526,"12",19,52,1.33,213,7.98,252,5.14,229,"challenge_color","Control",56.8,"Control","Dull",NA,"Dull_Control",281128602,"278172160","cross","",1.3,7.5,4.9,28.1,5,5,"Fledged"
281128529,2019,"Unit_2_85_2019",NA,NA,NA,NA,"12",14,45,3.5,202,9.56,241,3.81,223,"challenge_color","Control",56.8,"Control","Dull",NA,"Dull_Control",281128602,"278172160","cross","",3.3,9,3.6,13.1,5,5,"Fledged"
281128530,2019,"Unit_2_85_2019",0.364077407372934,0.358192109577731,1764.86293946587,1.00029875272129,"12",17.5,52,0.47,227,1.08,228,3.21,228,"challenge_color","Control",56.8,"Control","Dull",NA,"Dull_Control",281128602,"281128602","home","",0.5,1,3,9.8,5,5,"Fledged"
281128531,2019,"Unit_2_85_2019",0.382273212252499,0.37802859100244,1852.36363052262,1.0003830316056,"12",19.9,53,3.44,170,2.89,250,3.39,241,"challenge_color","Control",56.8,"Control","Dull",272107774,"Dull_Control",281128602,"278172160","cross","",3.3,2.7,3.2,18,5,5,"Fledged"
281128440,2019,"Unit_2_54_2019",0.591413574548155,0.577851154961885,2849.97167668331,1.00031596272222,"12",15,46,1.24,258,13.96,254,3.29,237,"challenge_color","Predator",48.1,"Predation","Control",278171879,"Control_Predator",272106728,"MysteryA","home","",1.2,13.2,3.1,75.1,6,6,"Fledged"
281128441,2019,"Unit_2_54_2019",0.329563493721583,0.329935982003359,1595.04762370558,1.00036800368095,"12",16.5,45,1.82,278,20.74,290,3.38,281,"challenge_color","Predator",48.1,"Predation","Control",278171879,"Control_Predator",272106728,"MysteryA","home","",1.7,19.6,3.2,58.9,6,6,"Fledged"
281128442,2019,"Unit_2_54_2019",0.478343399847621,0.478000124861327,2320.66615226187,1.00038355341215,"12",13,NA,3.83,258,3.28,262,4.36,293,"challenge_color","Predator",48.1,"Predation","Control",272106986,"Control_Predator",272106728,"278171877","cross","",3.6,3.1,4.1,54.9,6,6,"Fledged"
281128443,2019,"Unit_2_54_2019",NA,NA,NA,NA,"12",16.5,45,10.99,261,8.81,249,2.42,284,"challenge_color","Predator",48.1,"Predation","Control",272106986,"Control_Predator",272106728,"278171877","cross","",10.4,8.3,2.3,50.3,6,6,"Fledged"
281128444,2019,"Unit_2_54_2019",0.617478982181408,NA,2978.43343103631,1.00025645384791,"12",18,51,2.19,192,5.91,301,2.85,273,"challenge_color","Predator",48.1,"Predation","Control",272107815,"Control_Predator",272106728,"MysteryA","home","",2.1,5.6,2.7,34,6,6,"Fledged"
281128445,2019,"Unit_2_54_2019",0.435809796987166,0.437083745120424,2102.11677662317,1.00035632032527,"12",20.75,53,2.55,204,17.81,281,2.09,256,"challenge_color","Predator",48.1,"Predation","Control",272107815,"Control_Predator",272106728,"MysteryA","home","",2.4,16.8,2,21.3,6,6,"Fledged"
281128437,2019,"Unit_2_31_2019",0.302565025300023,0.307103427169341,1461.82253735533,1.00035435039111,"12",21,42,1.17,287,9.27,259,3.33,266,"challenge_color","Control",59.1,"Control","Dull",NA,"Dull_Control",272107361,"272107361","home","",1.1,8.8,3.1,19.8,4,4,"Fledged"
281128438,2019,"Unit_2_31_2019",0.43600606389321,0.433413103668443,2105.47705979779,1.00038924157346,"12",20,48,7,227,0.76,231,3.65,284,"challenge_color","Control",59.1,"Control","Dull",NA,"Dull_Control",272107361,"278172159","cross","",6.6,0.7,3.5,33,4,4,"Fledged"
281128499,2019,"Unit_2_31_2019",0.362021571377882,0.361399318544728,1753.18569175103,1.00039334255055,"12",19.75,41,3.28,329,0.77,313,3.44,241,"challenge_color","Control",59.1,"Control","Dull",278172282,"Dull_Control",272107361,"156181153","cross","",3.1,0.7,3.3,15,4,4,"Fledged"
281128439,2019,"Unit_2_31_2019",NA,NA,NA,NA,"12",19,45,10.3,289,2.96,325,2.5,236,"challenge_color","Control",59.1,"Control","Dull",NA,"Dull_Control",272107361,"278172159","cross","",9.7,2.8,2.4,40.2,4,4,"Fledged"
281128532,2019,"Unit_2_99_2019",0.718910990001709,0.71957576359683,3472.46840487462,1.00040350487612,"12",15.25,39,1.13,NA,1.99,405,5.58,488,"challenge_color","Control",44,"Control","Control",NA,"Control_Control",281128601,"281128603","cross","",1.1,1.9,5.3,29.5,4,4,"Died"
281128533,2019,"Unit_2_99_2019",0.4128816845277,0.413715095349818,1992.97293415227,1.00027615899574,"12",14,37,2.85,440,6.58,NA,4.43,337,"challenge_color","Control",44,"Control","Control",NA,"Control_Control",NA,NA,NA,NA,NA,NA,NA,NA,4,4,"Died"
281128534,2019,"Unit_2_99_2019",0.525992547685358,0.527158466255214,2547.27498157569,1.00019462373107,"12",15.75,42,3.35,260,5.3,221,10.26,307,"challenge_color","Control",44,"Control","Control",278171894,"Control_Control",281128601,"281128601","home","",3.2,5,9.7,35.2,4,4,"Died"
281128535,2019,"Unit_2_99_2019",0.355678601192586,0.35072806703764,1716.82648629569,1.00037611829487,"12",18,44,3.37,370,15.51,384,4.21,297,"challenge_color","Control",44,"Control","Control",NA,"Control_Control",NA,NA,NA,NA,NA,NA,NA,NA,4,4,"Died"
281128768,2019,"Unit_2_34_2019",0.509592690822563,0.519625424980097,2440.07539968704,1.00022664127606,"12",18.5,44,3.56,278,85.55,242,6.62,233,"challenge_color","Control",43.6,"Control","Dull",278171894,"Dull_Control",278172162,"281128601","cross","",3.4,80.9,6.3,34.5,4,4,"Died"
281128769,2019,"Unit_2_34_2019",0.581381633683437,0.582820290321164,2804.5543187175,1.00018763226262,"12",17,49,1.06,252,14.76,248,2.35,207,"challenge_color","Control",43.6,"Control","Dull",272107817,"Dull_Control",278172162,"278172162","home","",1,14,2.2,30.6,4,4,"Fledged"
281128770,2019,"Unit_2_34_2019",0.430801500295876,0.428317651657541,2066.55422907584,1.00026452350578,"12",20.25,47,2.48,255,49.28,339,2.65,296,"challenge_color","Control",43.6,"Control","Dull",278171894,"Dull_Control",278172162,"281128601","cross","",2.3,46.6,2.5,49.9,4,4,"Fledged"
281128771,2019,"Unit_2_34_2019",0.431848624972321,0.435861899838856,2080.96813841447,1.00028759421705,"12",17.25,40,1.79,259,3.9,218,3.83,285,"challenge_color","Control",43.6,"Control","Dull",281128516,"Dull_Control",278172162,"278172162","home","",1.7,3.7,3.6,37.8,4,4,"Fledged"
278172289,2019,"Unit_2_72_2019",0.70244003201706,0.708156996351979,3380.32127297731,1.00037937517139,"12",18,46,0.54,186,18.95,193,4.65,214,"challenge_color","Predator",42,"Predation","Control",NA,"Control_Predator",NA,NA,NA,NA,NA,NA,NA,NA,5,5,"Fledged"
278172290,2019,"Unit_2_72_2019",0.214806506088989,0.218435411130406,1035.7905247754,1.00040149775204,"12",21.5,56,3.2,183,6.77,208,5.32,192,"challenge_color","Predator",42,"Predation","Control",278172169,"Control_Predator",281128603,"278172162","cross","",3,6.4,5,16.5,5,5,"Fledged"
278172291,2019,"Unit_2_72_2019",0.265992214095391,0.266358424541106,1285.08493162146,1.0002953500323,"12",18,54,1.73,226,29.54,277,9.26,240,"challenge_color","Predator",42,"Predation","Control",NA,"Control_Predator",281128603,"281128603","home","",1.6,27.9,8.8,19.2,5,5,"Fledged"
278172292,2019,"Unit_2_72_2019",0.526457713475584,0.522960532905134,2546.5433511369,1.00032403682083,"12",19.25,53,0.78,187,20.98,197,2.84,230,"challenge_color","Predator",42,"Predation","Control",NA,"Control_Predator",NA,NA,NA,NA,NA,NA,NA,NA,5,5,"Fledged"
278172293,2019,"Unit_2_72_2019",0.568521284185746,0.565069557696442,2738.99299220203,1.00019629767758,"12",20,53,0.47,176,11.22,226,5.72,249,"challenge_color","Predator",42,"Predation","Control",281128516,"Control_Predator",281128603,"278172162","cross","",0.5,10.6,5.4,NA,5,5,"Fledged"
278172294,2019,"Unit_2_14_2019",0.662286200156393,0.665944257196234,3194.73267848702,1.00021975591119,"12",24,50,2.14,193,43.52,199,11.94,229,"challenge_color","Predator",43.6,"Predation","Dull",272107690,"Dull_Predator",278172163,"278172163","home","",2,41.1,11.3,22.6,3,3,"Fledged"
278172295,2019,"Unit_2_14_2019",0.568416416862983,0.570651278516467,2753.67092784525,1.00018286662069,"12",23,53,1.59,176,15.57,199,7.48,225,"challenge_color","Predator",43.6,"Predation","Dull",272107690,"Dull_Predator",278172163,"278172163","home","",1.5,14.7,7.1,27.6,3,3,"Fledged"
278172296,2019,"Unit_2_14_2019",0.44906237587082,0.450124091896885,2164.29793039892,1.00021193216588,"12",23,55,0.47,194,26.28,221,8.95,217,"challenge_color","Predator",43.6,"Predation","Dull",272107690,"Dull_Predator",278172163,"278172163","home","",0.5,24.9,8.5,13.8,3,3,"Fledged"
